month  ;     ME1;     ME2;     ME3;     ME4;     ME5;     ME6;     ME7;     ME8;     ME9;    ME10
1947-08;0.074656;0.081180;0.093397;0.111590;0.114200;0.111325;0.103627;0.120533;0.103023;0.086468
1947-09;0.383924;0.400000;0.001278;0.000000;0.214798;0.000000;0.000000;0.000000;0.000000;0.000000
1947-10;0.232969;0.220149;0.000000;0.000000;0.253493;0.000000;0.000000;0.000000;0.000000;0.293388
1947-11;0.007534;0.002733;0.008099;0.000000;0.000000;0.400000;0.000000;0.400000;0.094342;0.087292
1947-12;0.200000;0.400000;0.000000;0.000000;0.000000;0.000000;0.000000;0.000000;0.000000;0.400000
1948-01;0.100000;0.100000;0.100000;0.100000;0.100000;0.100000;0.100000;0.100000;0.100000;0.100000
1948-02;0.000000;0.000000;0.000000;0.000000;0.207145;0.391390;0.000478;0.400000;0.000413;0.000574
1948-03;0.086635;0.069946;0.105567;0.122142;0.101335;0.130944;0.114418;0.101472;0.069992;0.097551
1948-04;0.073311;0.072617;0.077228;0.084656;0.099069;0.115605;0.102776;0.090225;0.100519;0.183993
1948-05;0.024491;0.026424;0.052211;0.078907;0.046214;0.076619;0.076320;0.158184;0.233981;0.226649
1948-06;0.100000;0.100000;0.100000;0.100000;0.100000;0.100000;0.100000;0.100000;0.100000;0.100000
1948-07;0.400000;0.400000;0.025000;0.025000;0.025000;0.025000;0.025000;0.025000;0.025000;0.025000
1948-08;0.025000;0.025000;0.025000;0.025000;0.025000;0.025000;0.400000;0.025000;0.400000;0.025000
1948-09;0.400000;0.025000;0.025000;0.025000;0.025000;0.025000;0.025000;0.025000;0.025000;0.400000
1948-10;0.000037;0.000143;0.000087;0.042378;0.138028;0.131913;0.082778;0.127295;0.244750;0.232591
1948-11;0.000000;0.000000;0.000000;0.000000;0.000000;0.000000;0.269799;0.000000;0.330201;0.400000
1948-12;0.068587;0.074703;0.073203;0.117523;0.096070;0.102764;0.111868;0.123694;0.103856;0.127732
1949-01;0.087902;0.076111;0.109065;0.128940;0.138757;0.151009;0.105075;0.120864;0.061115;0.021161
1949-02;0.040739;0.042429;0.046942;0.068863;0.061706;0.087048;0.089838;0.169225;0.163731;0.229479
1949-03;0.057994;0.054105;0.094262;0.177083;0.071522;0.400000;0.000000;0.145035;0.000000;0.000000
1949-04;0.100000;0.100000;0.100000;0.100000;0.100000;0.100000;0.100000;0.100000;0.100000;0.100000
1949-05;0.043404;0.038921;0.071184;0.076077;0.066505;0.084175;0.084171;0.160823;0.146879;0.227861
1949-06;0.100000;0.100000;0.100000;0.100000;0.100000;0.100000;0.100000;0.100000;0.100000;0.100000
1949-07;0.400000;0.400000;0.025000;0.025000;0.025000;0.025000;0.025000;0.025000;0.025000;0.025000
1949-08;0.105193;0.000000;0.000000;0.000000;0.133649;0.239282;0.061806;0.064162;0.104429;0.291479
1949-09;0.374380;0.292269;0.127643;0.000000;0.000000;0.000000;0.033047;0.000000;0.029914;0.142747
1949-10;0.127691;0.124832;0.270542;0.000000;0.400000;0.000000;0.042702;0.000000;0.034232;0.000000
1949-11;0.026111;0.400000;0.000000;0.000000;0.000000;0.089917;0.011801;0.390183;0.013931;0.068058
1949-12;0.005832;0.005184;0.286853;0.000000;0.207033;0.025759;0.000000;0.000000;0.400000;0.069339
1950-01;0.014344;0.010396;0.400000;0.000000;0.175261;0.000000;0.000000;0.000000;0.400000;0.000000
1950-02;0.180184;0.000000;0.000000;0.000000;0.267478;0.000000;0.000000;0.000000;0.400000;0.152338
1950-03;0.400000;0.000000;0.000000;0.164687;0.263510;0.008259;0.000000;0.002223;0.048535;0.112785
1950-04;0.034334;0.047189;0.000000;0.400000;0.051539;0.000000;0.019196;0.000000;0.400000;0.047741
1950-05;0.083635;0.000000;0.000000;0.222313;0.052003;0.382190;0.037504;0.000000;0.084560;0.137794
1950-06;0.057824;0.000000;0.155357;0.313711;0.042452;0.000000;0.015581;0.000000;0.400000;0.015074
1950-07;0.030168;0.255560;0.000000;0.159343;0.000000;0.087953;0.366234;0.000000;0.100742;0.000000
1950-08;0.072980;0.220913;0.000000;0.000000;0.266693;0.400000;0.014552;0.024862;0.000000;0.000000
1950-09;0.000000;0.000000;0.000000;0.074535;0.073438;0.135788;0.077265;0.178362;0.177654;0.282957
1950-10;0.289134;0.017743;0.000000;0.000000;0.097637;0.000000;0.000000;0.000000;0.400000;0.195487
1950-11;0.219571;0.305683;0.000000;0.000000;0.000000;0.077857;0.315270;0.000000;0.050050;0.031569
1950-12;0.161022;0.180526;0.000000;0.000000;0.060672;0.376736;0.116080;0.000000;0.000000;0.104964
1951-01;0.053493;0.000000;0.000000;0.047093;0.000000;0.037753;0.025012;0.096145;0.373910;0.366594
1951-02;0.005279;0.013797;0.000000;0.400000;0.000000;0.000000;0.024497;0.000000;0.332129;0.224298
1951-03;0.262705;0.065823;0.000000;0.000000;0.332476;0.057659;0.154861;0.000000;0.053926;0.072549
1951-04;0.017752;0.328592;0.000000;0.000000;0.000000;0.321502;0.118440;0.000000;0.213714;0.000000
1951-05;0.080697;0.000000;0.014114;0.096120;0.030840;0.165082;0.052454;0.164140;0.162007;0.234545
1951-06;0.000000;0.000000;0.000000;0.000000;0.074756;0.400000;0.034168;0.000000;0.248910;0.242166
1951-07;0.174762;0.320229;0.000000;0.030895;0.000000;0.240589;0.093378;0.000000;0.086290;0.053858
1951-08;0.000000;0.000000;0.000000;0.078437;0.000000;0.060277;0.062693;0.354073;0.125420;0.319100
1951-09;0.025475;0.014174;0.012531;0.088525;0.060341;0.114176;0.067894;0.164803;0.233575;0.218507
1951-10;0.142972;0.153102;0.153259;0.400000;0.150667;0.000000;0.000000;0.000000;0.000000;0.000000
1951-11;0.274872;0.285167;0.000000;0.000000;0.070078;0.000000;0.126870;0.082689;0.068924;0.091400
1951-12;0.175757;0.100982;0.000000;0.076918;0.000000;0.163671;0.015495;0.243432;0.000000;0.223746
1952-01;0.133680;0.043221;0.000000;0.103383;0.000000;0.025540;0.036923;0.144796;0.400000;0.112457
1952-02;0.016805;0.161869;0.281735;0.138623;0.000000;0.000000;0.000968;0.000000;0.400000;0.000000
1952-03;0.266352;0.132331;0.000000;0.000000;0.223922;0.000000;0.304880;0.000000;0.066195;0.006320
1952-04;0.148927;0.015608;0.064292;0.079652;0.065909;0.101226;0.106610;0.147203;0.113034;0.157538
1952-05;0.076248;0.012570;0.000000;0.099707;0.082592;0.091476;0.000013;0.145931;0.276114;0.215349
1952-06;0.185903;0.175273;0.227799;0.205227;0.159512;0.000000;0.046285;0.000000;0.000000;0.000000
1952-07;0.042745;0.100835;0.000000;0.000000;0.235801;0.009173;0.400000;0.000000;0.000000;0.211445
1952-08;0.214717;0.209380;0.000000;0.000000;0.131708;0.000000;0.321775;0.000000;0.102952;0.019468
1952-09;0.317493;0.346291;0.000000;0.013532;0.000000;0.106556;0.139666;0.061146;0.015002;0.000313
1952-10;0.049568;0.400000;0.000000;0.000000;0.000000;0.045011;0.400000;0.000000;0.010895;0.094525
1952-11;0.358565;0.000000;0.000000;0.000000;0.112920;0.047766;0.000000;0.271841;0.171348;0.037560
1952-12;0.099561;0.000000;0.000000;0.400000;0.000000;0.029894;0.000000;0.133998;0.179374;0.157172
1953-01;0.264131;0.000000;0.000000;0.172833;0.346776;0.000000;0.198110;0.000000;0.018150;0.000000
1953-02;0.159714;0.262366;0.000000;0.000000;0.168985;0.000000;0.392390;0.000000;0.011420;0.005125
1953-03;0.263241;0.202849;0.000000;0.000000;0.045615;0.086898;0.049281;0.168122;0.032166;0.151828
1953-04;0.098523;0.005333;0.400000;0.000000;0.043721;0.000000;0.000000;0.005391;0.400000;0.047031
1953-05;0.240269;0.229620;0.000000;0.000000;0.000000;0.000000;0.206037;0.000000;0.079601;0.244474
1953-06;0.335498;0.000000;0.000000;0.000000;0.270684;0.000000;0.053192;0.337711;0.000000;0.002915
1953-07;0.275094;0.000000;0.000000;0.000000;0.281012;0.384376;0.016865;0.020207;0.011552;0.010893
1953-08;0.400000;0.094905;0.000000;0.118014;0.114361;0.086596;0.078368;0.025548;0.049642;0.032565
1953-09;0.172523;0.030689;0.099300;0.179469;0.159664;0.178565;0.097445;0.043534;0.038811;0.000000
1953-10;0.178387;0.116110;0.267562;0.189094;0.123461;0.048504;0.076881;0.000000;0.000000;0.000000
1953-11;0.117815;0.058844;0.094153;0.092307;0.087607;0.129911;0.000000;0.100509;0.132744;0.186111
1953-12;0.016899;0.292476;0.000000;0.000000;0.078626;0.214583;0.397416;0.000000;0.000000;0.000000
1954-01;0.160754;0.200238;0.000000;0.000000;0.098994;0.000000;0.333801;0.000000;0.206213;0.000000
1954-02;0.010167;0.029277;0.023486;0.097205;0.152581;0.000000;0.200612;0.000000;0.400000;0.086672
1954-03;0.030680;0.000000;0.000000;0.027912;0.029910;0.151251;0.106104;0.000000;0.379247;0.274896
1954-04;0.021841;0.114550;0.301216;0.152590;0.005091;0.000000;0.000000;0.000000;0.400000;0.004712
1954-05;0.051467;0.370178;0.000000;0.000000;0.022098;0.000000;0.172836;0.000000;0.313916;0.069505
1954-06;0.039125;0.125228;0.000000;0.138524;0.199809;0.000000;0.151032;0.000000;0.326056;0.020226
1954-07;0.171730;0.048289;0.024019;0.079576;0.059081;0.000000;0.059427;0.157878;0.400000;0.000000
1954-08;0.017751;0.059183;0.048614;0.000000;0.169767;0.099659;0.266285;0.222158;0.000000;0.116583
1954-09;0.141137;0.031784;0.000000;0.000000;0.275299;0.192076;0.037431;0.000000;0.225455;0.096819
1954-10;0.052696;0.400000;0.000000;0.400000;0.000000;0.063202;0.000000;0.073051;0.000000;0.011052
1954-11;0.208459;0.190874;0.000000;0.000000;0.000000;0.269046;0.000000;0.056278;0.139661;0.135682
1954-12;0.000000;0.007860;0.000000;0.253619;0.188442;0.207412;0.325655;0.017012;0.000000;0.000000
1955-01;0.244460;0.024477;0.000000;0.389151;0.080903;0.095277;0.000000;0.039362;0.000000;0.126370
1955-02;0.045611;0.102480;0.000000;0.400000;0.143958;0.000000;0.284072;0.000000;0.023879;0.000000
1955-03;0.154359;0.182264;0.000000;0.000000;0.195408;0.000000;0.400000;0.067969;0.000000;0.000000
1955-04;0.027872;0.300219;0.000000;0.000000;0.095371;0.000000;0.263290;0.008023;0.214968;0.090257
1955-05;0.086305;0.190482;0.000000;0.400000;0.037652;0.000000;0.000000;0.000000;0.087911;0.197650
1955-06;0.126093;0.297317;0.000000;0.000000;0.000000;0.000000;0.271341;0.151999;0.000000;0.153250
1955-07;0.231748;0.029721;0.000000;0.128917;0.157742;0.329747;0.019497;0.078784;0.023843;0.000000
1955-08;0.000000;0.248242;0.000000;0.400000;0.017245;0.015739;0.000000;0.000000;0.270169;0.048605
1955-09;0.055017;0.025446;0.000000;0.036755;0.098711;0.400000;0.291705;0.000000;0.092365;0.000000
1955-10;0.154309;0.261457;0.000000;0.000000;0.089190;0.254608;0.157845;0.002743;0.079849;0.000000
1955-11;0.006088;0.316188;0.000000;0.000000;0.000000;0.222854;0.000000;0.000000;0.255042;0.199828
1955-12;0.400000;0.000000;0.028299;0.084606;0.022015;0.117153;0.070516;0.087441;0.112691;0.077279
1956-01;0.269483;0.086043;0.000000;0.000000;0.000000;0.051341;0.360970;0.194071;0.007448;0.030643
1956-02;0.400000;0.000000;0.400000;0.000000;0.142001;0.000000;0.014080;0.008295;0.000000;0.035623
1956-03;0.395667;0.000000;0.000000;0.084827;0.184684;0.264336;0.017101;0.015636;0.015517;0.022234
1956-04;0.376577;0.000000;0.000000;0.111422;0.000000;0.064549;0.009035;0.400000;0.008242;0.030176
1956-05;0.215856;0.191344;0.000000;0.000000;0.121947;0.000000;0.000000;0.000000;0.393869;0.076985
1956-06;0.195928;0.172225;0.000000;0.000000;0.227750;0.000000;0.400000;0.000000;0.000000;0.004097
1956-07;0.400000;0.000000;0.359856;0.018109;0.048556;0.037973;0.019276;0.040744;0.034494;0.040992
1956-08;0.051987;0.000000;0.037260;0.098340;0.099534;0.128154;0.083181;0.119473;0.167154;0.214917
1956-09;0.018551;0.330475;0.000000;0.107614;0.202209;0.000000;0.341151;0.000000;0.000000;0.000000
1956-10;0.308561;0.152566;0.000000;0.000000;0.237093;0.226081;0.022239;0.032649;0.011534;0.009278
1956-11;0.081598;0.000000;0.000000;0.075508;0.125836;0.122793;0.086173;0.147412;0.136804;0.223875
1956-12;0.110193;0.080576;0.026524;0.101993;0.071030;0.109977;0.081683;0.137499;0.181068;0.099457
1957-01;0.262369;0.400000;0.000000;0.124423;0.000000;0.000000;0.105561;0.095655;0.000000;0.011992
1957-02;0.297602;0.169919;0.000000;0.000000;0.000000;0.000000;0.332639;0.000000;0.175162;0.024678
1957-03;0.080687;0.000000;0.000000;0.087050;0.111720;0.163151;0.125079;0.174285;0.166470;0.091556
1957-04;0.167932;0.000000;0.060114;0.081009;0.131927;0.113947;0.102623;0.141405;0.100613;0.100429
1957-05;0.045455;0.000000;0.116671;0.400000;0.053729;0.000000;0.267672;0.000000;0.097198;0.019275
1957-06;0.143343;0.373430;0.000000;0.000000;0.000000;0.000000;0.000000;0.000000;0.400000;0.083226
1957-07;0.181690;0.394394;0.000000;0.000000;0.000000;0.000000;0.400000;0.000000;0.023916;0.000000
1957-08;0.400000;0.000000;0.000000;0.400000;0.093180;0.043058;0.026651;0.014692;0.014320;0.008099
1957-09;0.318024;0.236891;0.000000;0.061170;0.027451;0.078679;0.068312;0.071413;0.080225;0.057835
1957-10;0.181998;0.000000;0.037202;0.173290;0.161760;0.244689;0.098329;0.000000;0.066366;0.036367
1957-11;0.029844;0.395646;0.000000;0.243399;0.046217;0.031264;0.038555;0.035304;0.136481;0.043291
1957-12;0.000000;0.000000;0.000000;0.133999;0.110803;0.133803;0.131981;0.141598;0.145447;0.202369
1958-01;0.147167;0.102481;0.154226;0.120774;0.113527;0.103891;0.075978;0.070495;0.071367;0.040093
1958-02;0.000000;0.077599;0.121435;0.254402;0.194019;0.073016;0.264323;0.000000;0.000000;0.015206
1958-03;0.074426;0.035340;0.076361;0.087108;0.100177;0.112175;0.128278;0.131484;0.036534;0.218118
1958-04;0.400000;0.400000;0.000000;0.000000;0.082048;0.000000;0.000000;0.000000;0.000000;0.117952
1958-05;0.009901;0.011949;0.400000;0.000000;0.017514;0.000000;0.376200;0.174640;0.008382;0.001414
1958-06;0.196592;0.346809;0.000000;0.000000;0.000000;0.000000;0.139289;0.000000;0.317309;0.000000
1958-07;0.400000;0.000000;0.000000;0.000000;0.024242;0.057713;0.171544;0.064807;0.147391;0.134303
1958-08;0.123040;0.370282;0.000000;0.000000;0.074335;0.040887;0.193803;0.062398;0.082291;0.052964
1958-09;0.284846;0.000000;0.000000;0.192241;0.059080;0.150931;0.055251;0.095315;0.162337;0.000000
1958-10;0.136897;0.141307;0.229536;0.129042;0.068672;0.033284;0.166663;0.000000;0.094598;0.000000
1958-11;0.196977;0.002152;0.000000;0.231748;0.000000;0.000000;0.159711;0.000000;0.400000;0.009412
1958-12;0.251792;0.214539;0.000000;0.000000;0.000000;0.000000;0.084381;0.067440;0.381847;0.000000
1959-01;0.044906;0.400000;0.000000;0.000000;0.000000;0.000000;0.000000;0.400000;0.120490;0.034604
1959-02;0.138452;0.138623;0.000000;0.000000;0.000000;0.000000;0.398867;0.000000;0.290369;0.033690
1959-03;0.227929;0.087256;0.000000;0.000000;0.192679;0.174802;0.115662;0.085513;0.116160;0.000000
1959-04;0.148152;0.193121;0.000000;0.000000;0.000000;0.000000;0.332301;0.326425;0.000000;0.000000
1959-05;0.185434;0.028373;0.000000;0.163215;0.000000;0.247514;0.338838;0.000000;0.000000;0.036625
1959-06;0.083655;0.132652;0.000000;0.400000;0.000000;0.188683;0.123921;0.000000;0.071089;0.000000
1959-07;0.016696;0.000000;0.000000;0.400000;0.000000;0.037980;0.400000;0.000000;0.145324;0.000000
1959-08;0.156910;0.010356;0.047215;0.109980;0.000000;0.000000;0.231536;0.090491;0.353513;0.000000
1959-09;0.095751;0.045426;0.000000;0.400000;0.000000;0.102307;0.000000;0.000000;0.254652;0.101864
1959-10;0.015539;0.000000;0.000000;0.184461;0.000000;0.400000;0.400000;0.000000;0.000000;0.000000
1959-11;0.000000;0.000000;0.000000;0.049253;0.075032;0.400000;0.145178;0.217191;0.113346;0.000000
1959-12;0.106519;0.000000;0.065197;0.083426;0.036604;0.184760;0.076676;0.118314;0.134758;0.193745
1960-01;0.014324;0.400000;0.307844;0.000000;0.000000;0.000000;0.254641;0.006601;0.000000;0.016590
1960-02;0.177407;0.211028;0.000000;0.009446;0.147462;0.400000;0.035131;0.000000;0.010813;0.008712
1960-03;0.000000;0.400000;0.000000;0.063789;0.072921;0.096419;0.070980;0.100089;0.141053;0.054748
1960-04;0.146996;0.000000;0.034329;0.091856;0.000000;0.116449;0.070068;0.142170;0.109456;0.288675
1960-05;0.000947;0.400000;0.212782;0.000000;0.000000;0.000000;0.000000;0.000000;0.370817;0.015454
1960-06;0.400000;0.000000;0.000000;0.000000;0.000000;0.000000;0.400000;0.187525;0.012475;0.000000
1960-07;0.115840;0.165316;0.195431;0.114149;0.017770;0.063537;0.000000;0.034157;0.076616;0.217185
1960-08;0.198997;0.288547;0.019296;0.161110;0.157800;0.000000;0.111914;0.062336;0.000000;0.000000
1960-09;0.040990;0.048368;0.263090;0.105643;0.056473;0.000000;0.060688;0.400000;0.023616;0.001133
1960-10;0.010678;0.000000;0.400000;0.035132;0.020716;0.050705;0.030389;0.000000;0.331818;0.120561
1960-11;0.000000;0.000000;0.000000;0.261187;0.242790;0.000000;0.200677;0.182810;0.049370;0.063166
1960-12;0.150686;0.000000;0.009018;0.093632;0.121256;0.140641;0.122607;0.136108;0.132989;0.093063
1961-01;0.154284;0.000000;0.011635;0.189942;0.109490;0.056059;0.118170;0.124944;0.210567;0.024908
1961-02;0.013366;0.014534;0.000000;0.400000;0.248179;0.000000;0.056711;0.000000;0.000000;0.267211
1961-03;0.019250;0.035806;0.000000;0.076856;0.025506;0.400000;0.400000;0.042582;0.000000;0.000000
1961-04;0.200000;0.400000;0.000000;0.000000;0.000000;0.000000;0.000000;0.000000;0.400000;0.000000
1961-05;0.020441;0.016188;0.400000;0.000000;0.000000;0.075294;0.000000;0.260651;0.000000;0.227425
1961-06;0.192576;0.171870;0.000000;0.000000;0.000000;0.104557;0.199449;0.082520;0.249029;0.000000
1961-07;0.400000;0.000000;0.000000;0.000000;0.012934;0.247323;0.000000;0.284414;0.038484;0.016845
1961-08;0.000000;0.186792;0.000000;0.126046;0.119339;0.142198;0.139796;0.108897;0.087036;0.089897
1961-09;0.023700;0.000000;0.035627;0.080726;0.073573;0.127211;0.110552;0.186648;0.163615;0.198348
1961-10;0.000000;0.020659;0.000000;0.047057;0.003325;0.353886;0.040760;0.134313;0.400000;0.000000
1961-11;0.077438;0.051922;0.087984;0.049823;0.053712;0.236237;0.096511;0.235738;0.000000;0.110634
1961-12;0.004741;0.043492;0.041475;0.064662;0.045631;0.000000;0.400000;0.400000;0.000000;0.000000
1962-01;0.109244;0.103945;0.144261;0.242550;0.000000;0.400000;0.000000;0.000000;0.000000;0.000000
1962-02;0.129343;0.000000;0.099167;0.042958;0.124054;0.259363;0.000000;0.000000;0.274489;0.070627
1962-03;0.327578;0.000000;0.000000;0.000000;0.036700;0.400000;0.052662;0.071473;0.088586;0.023001
1962-04;0.159962;0.000000;0.000000;0.329858;0.000000;0.263424;0.145954;0.023907;0.056195;0.020700
1962-05;0.221859;0.145289;0.115938;0.142873;0.091534;0.131716;0.000000;0.071491;0.079300;0.000000
1962-06;0.000000;0.000000;0.000000;0.090474;0.132459;0.132207;0.194033;0.152069;0.114233;0.184525
1962-07;0.000000;0.000000;0.000000;0.042124;0.094275;0.108370;0.091060;0.152294;0.225159;0.286718
1962-08;0.054979;0.052605;0.082950;0.119384;0.120206;0.145175;0.106706;0.118467;0.105445;0.094083
1962-09;0.121740;0.139304;0.150918;0.125944;0.127245;0.076451;0.125115;0.016802;0.022510;0.093970
1962-10;0.181925;0.400000;0.146503;0.067709;0.128924;0.000000;0.074940;0.000000;0.000000;0.000000
1962-11;0.000000;0.000000;0.000000;0.000000;0.259302;0.340698;0.400000;0.000000;0.000000;0.000000
1962-12;0.000000;0.025630;0.039346;0.118860;0.121831;0.167561;0.096801;0.141489;0.181761;0.106721
1963-01;0.294584;0.152491;0.215488;0.235187;0.102250;0.000000;0.000000;0.000000;0.000000;0.000000
1963-02;0.000000;0.251279;0.000000;0.000000;0.327197;0.000000;0.400000;0.000000;0.000000;0.021523
1963-03;0.092469;0.000000;0.000000;0.000000;0.076431;0.005974;0.162110;0.000000;0.263015;0.400000
1963-04;0.021712;0.000000;0.085466;0.116913;0.109616;0.119208;0.081040;0.152661;0.174180;0.139205
1963-05;0.264802;0.161282;0.114643;0.000000;0.000000;0.000000;0.000000;0.020372;0.143068;0.295832
1963-06;0.144247;0.160576;0.000000;0.000000;0.107575;0.000000;0.390718;0.000000;0.196883;0.000000
1963-07;0.400000;0.000000;0.000000;0.344687;0.048432;0.023156;0.026804;0.035917;0.066349;0.054655
1963-08;0.071260;0.109420;0.066775;0.107583;0.061161;0.115042;0.087490;0.160983;0.113699;0.106586
1963-09;0.000000;0.001694;0.099686;0.088444;0.086094;0.147820;0.089810;0.130230;0.138555;0.217667
1963-10;0.043858;0.056445;0.054986;0.400000;0.029421;0.000000;0.015290;0.000000;0.400000;0.000000
1963-11;0.000000;0.011796;0.322251;0.388033;0.000000;0.153910;0.000000;0.043893;0.052832;0.027285
1963-12;0.144182;0.114309;0.000000;0.000000;0.000000;0.000000;0.384637;0.000000;0.353434;0.003437
1964-01;0.400000;0.060985;0.000000;0.051180;0.102347;0.033672;0.003185;0.068452;0.280180;0.000000
1964-02;0.015990;0.047395;0.062135;0.000000;0.400000;0.119767;0.003840;0.000000;0.048491;0.302382
1964-03;0.117128;0.241800;0.000000;0.113033;0.000000;0.008672;0.000000;0.000000;0.400000;0.119366
1964-04;0.100611;0.082782;0.000000;0.116334;0.000000;0.000000;0.112922;0.381575;0.205776;0.000000
1964-05;0.174892;0.339065;0.000000;0.071746;0.085904;0.053142;0.053787;0.048600;0.038448;0.134414
1964-06;0.000000;0.000000;0.000000;0.000000;0.323444;0.136113;0.400000;0.000000;0.000000;0.140443
1964-07;0.185490;0.016504;0.000000;0.164372;0.000000;0.000000;0.363444;0.000000;0.270188;0.000000
1964-08;0.238753;0.069442;0.000000;0.000000;0.000000;0.119412;0.172392;0.000000;0.400000;0.000000
1964-09;0.191882;0.126771;0.000000;0.000000;0.000000;0.000000;0.400000;0.000000;0.276533;0.004814
1964-10;0.020985;0.017079;0.000000;0.213778;0.136200;0.000000;0.400000;0.211959;0.000000;0.000000
1964-11;0.061503;0.022682;0.000000;0.030330;0.000000;0.085485;0.400000;0.000000;0.400000;0.000000
1964-12;0.000000;0.000000;0.000000;0.400000;0.183934;0.000000;0.000000;0.272332;0.000000;0.143735
1965-01;0.366541;0.104846;0.000000;0.000000;0.000000;0.000000;0.362413;0.000000;0.065872;0.100328
1965-02;0.114039;0.000000;0.000000;0.092551;0.000000;0.000000;0.400000;0.000000;0.393410;0.000000
1965-03;0.142356;0.070745;0.136076;0.063040;0.000000;0.221305;0.062435;0.149203;0.154839;0.000000
1965-04;0.030410;0.400000;0.166705;0.000000;0.000000;0.000000;0.400000;0.000677;0.002208;0.000000
1965-05;0.215009;0.000000;0.000000;0.000000;0.162855;0.000000;0.400000;0.214191;0.000000;0.007944
1965-06;0.311052;0.051290;0.000000;0.025282;0.000000;0.000000;0.212376;0.000000;0.400000;0.000000
1965-07;0.210426;0.066609;0.086591;0.149804;0.165838;0.249187;0.034055;0.024006;0.013484;0.000000
1965-08;0.000000;0.110715;0.000000;0.000000;0.325644;0.163641;0.400000;0.000000;0.000000;0.000000
1965-09;0.041046;0.000000;0.021669;0.083878;0.077855;0.129999;0.107803;0.164094;0.185742;0.187915
1965-10;0.248491;0.294156;0.254847;0.054886;0.147620;0.000000;0.000000;0.000000;0.000000;0.000000
1965-11;0.008546;0.015818;0.284395;0.000000;0.270415;0.000000;0.273522;0.000000;0.060333;0.086971
1965-12;0.042081;0.224105;0.000000;0.000000;0.279019;0.000000;0.205410;0.061064;0.142183;0.046137
1966-01;0.282309;0.125444;0.307252;0.040907;0.003703;0.053884;0.000000;0.124578;0.016748;0.045175
1966-02;0.255200;0.186518;0.084388;0.000000;0.000000;0.000000;0.000000;0.053285;0.394805;0.025804
1966-03;0.400000;0.000000;0.000000;0.000000;0.000000;0.000000;0.000000;0.400000;0.135733;0.064267
1966-04;0.400000;0.000000;0.032485;0.128478;0.010362;0.107303;0.068472;0.089823;0.061479;0.101598
1966-05;0.074119;0.045800;0.090441;0.105821;0.057530;0.122056;0.041970;0.142177;0.177695;0.142390
1966-06;0.071201;0.044070;0.075414;0.116767;0.098799;0.158023;0.115897;0.112977;0.095047;0.111805
1966-07;0.000000;0.336789;0.000000;0.036486;0.035628;0.400000;0.025924;0.165173;0.000000;0.000000
1966-08;0.067165;0.031008;0.000000;0.094405;0.088348;0.134189;0.094003;0.261219;0.220734;0.008928
1966-09;0.000000;0.045638;0.058577;0.195023;0.127830;0.182812;0.129837;0.080134;0.104078;0.076070
1966-10;0.000000;0.162450;0.010785;0.051232;0.237572;0.130048;0.101046;0.306866;0.000000;0.000000
1966-11;0.037983;0.040038;0.066894;0.106273;0.093435;0.144073;0.133632;0.169444;0.132570;0.075659
1966-12;0.118545;0.033384;0.000000;0.400000;0.048071;0.000000;0.000000;0.000000;0.400000;0.000000
1967-01;0.210509;0.264110;0.252284;0.115383;0.000000;0.000000;0.157714;0.000000;0.000000;0.000000
1967-02;0.000000;0.000000;0.000000;0.000000;0.000000;0.139980;0.049121;0.400000;0.010899;0.400000
1967-03;0.151073;0.087324;0.136953;0.079860;0.000000;0.112802;0.000000;0.006345;0.156695;0.268948
1967-04;0.199141;0.239678;0.367410;0.089528;0.075754;0.028489;0.000000;0.000000;0.000000;0.000000
1967-05;0.345683;0.018373;0.000000;0.000000;0.000000;0.000000;0.400000;0.216088;0.017185;0.002671
1967-06;0.062050;0.310737;0.000000;0.000000;0.000000;0.400000;0.000000;0.107255;0.063520;0.056437
1967-07;0.182707;0.000000;0.000000;0.000000;0.034248;0.014614;0.268715;0.187122;0.172945;0.139650
1967-08;0.081015;0.081378;0.125633;0.108001;0.051542;0.103683;0.084403;0.085503;0.092845;0.185996
1967-09;0.162854;0.050123;0.187177;0.081299;0.039861;0.088390;0.000000;0.000000;0.116363;0.273933
1967-10;0.000000;0.166005;0.055426;0.069419;0.000000;0.309150;0.400000;0.000000;0.000000;0.000000
1967-11;0.080335;0.063633;0.109397;0.082575;0.068528;0.227979;0.141747;0.000000;0.086568;0.139239
1967-12;0.000000;0.134972;0.400000;0.000000;0.000000;0.400000;0.000000;0.026591;0.020765;0.017672
1968-01;0.221780;0.400000;0.046234;0.001167;0.000000;0.137199;0.080429;0.113192;0.000000;0.000000
1968-02;0.400000;0.000000;0.000000;0.309981;0.000000;0.131014;0.059259;0.000000;0.001357;0.098388
1968-03;0.000000;0.254738;0.094376;0.196829;0.120017;0.137465;0.000000;0.053214;0.000000;0.143360
1968-04;0.000000;0.012251;0.000000;0.000000;0.284905;0.184068;0.132682;0.181034;0.100098;0.104962
1968-05;0.000000;0.000000;0.089809;0.159456;0.125791;0.239623;0.182709;0.081675;0.097313;0.023624
1968-06;0.206126;0.230206;0.206875;0.201482;0.085654;0.010320;0.000000;0.000000;0.000000;0.059338
1968-07;0.000000;0.400000;0.071268;0.000000;0.000000;0.000000;0.185859;0.000000;0.000000;0.342873
1968-08;0.000000;0.099567;0.000000;0.000000;0.305175;0.273010;0.016435;0.000000;0.305813;0.000000
1968-09;0.000000;0.058646;0.017028;0.118665;0.193717;0.221095;0.000000;0.187236;0.203614;0.000000
1968-10;0.304206;0.137349;0.203145;0.156568;0.194769;0.000000;0.000000;0.000000;0.003963;0.000000
1968-11;0.142840;0.219067;0.000000;0.000000;0.000000;0.000000;0.322137;0.101859;0.202860;0.011237
1968-12;0.300494;0.007000;0.000000;0.257047;0.339225;0.019109;0.012566;0.011073;0.027268;0.026219
1969-01;0.094186;0.075041;0.084649;0.083969;0.089056;0.116077;0.114799;0.140523;0.116446;0.085253
1969-02;0.125814;0.128886;0.207197;0.155448;0.145098;0.166335;0.007620;0.051272;0.012330;0.000000
1969-03;0.162610;0.208504;0.000000;0.000000;0.080854;0.000000;0.000000;0.160441;0.187374;0.200217
1969-04;0.066103;0.000000;0.000000;0.220734;0.336141;0.201563;0.000000;0.175459;0.000000;0.000000
1969-05;0.136556;0.039611;0.064239;0.100294;0.127547;0.050486;0.113491;0.184122;0.183655;0.000000
1969-06;0.000000;0.128390;0.000000;0.168075;0.237903;0.022422;0.134367;0.106062;0.202781;0.000000
1969-07;0.000000;0.049682;0.047025;0.041236;0.282790;0.232241;0.163336;0.108546;0.000000;0.075145
1969-08;0.000000;0.012764;0.000000;0.093902;0.134680;0.141845;0.119917;0.260450;0.236441;0.000000
1969-09;0.050359;0.020574;0.052088;0.109251;0.126671;0.152406;0.114585;0.201593;0.160135;0.012338
1969-10;0.109198;0.089859;0.115519;0.101976;0.115987;0.055050;0.000000;0.140615;0.011195;0.260601
1969-11;0.400000;0.400000;0.000000;0.000000;0.000000;0.000000;0.193560;0.000000;0.000000;0.006440
1969-12;0.120543;0.060007;0.009154;0.000000;0.000000;0.000000;0.185156;0.119836;0.129703;0.375601
1970-01;0.000000;0.000000;0.000000;0.133509;0.216772;0.191213;0.115879;0.216222;0.038018;0.088388
1970-02;0.052183;0.040245;0.053703;0.000000;0.084466;0.042030;0.230941;0.168889;0.241205;0.086338
1970-03;0.125880;0.000000;0.183531;0.093526;0.000000;0.113223;0.002798;0.089991;0.238671;0.152380
1970-04;0.310236;0.000000;0.000000;0.278302;0.049692;0.039885;0.070727;0.065056;0.098140;0.087961
1970-05;0.067858;0.096697;0.079517;0.142830;0.203077;0.141357;0.185682;0.082982;0.000000;0.000000
1970-06;0.000000;0.000000;0.000000;0.126409;0.229670;0.163281;0.180225;0.160956;0.139459;0.000000
1970-07;0.014208;0.016420;0.036557;0.058925;0.075137;0.100926;0.083667;0.145870;0.208610;0.259682
1970-08;0.055806;0.062004;0.103757;0.152923;0.195414;0.136670;0.110234;0.183191;0.000000;0.000000
1970-09;0.293680;0.297719;0.000000;0.000000;0.000000;0.000000;0.400000;0.000000;0.000000;0.008601
1970-10;0.227006;0.278652;0.000000;0.000000;0.173441;0.000000;0.106784;0.000000;0.214117;0.000000
1970-11;0.361525;0.063789;0.296277;0.000000;0.000000;0.050898;0.000000;0.227512;0.000000;0.000000
1970-12;0.126268;0.001419;0.027175;0.000000;0.400000;0.060803;0.000000;0.189161;0.195173;0.000000
1971-01;0.032567;0.009606;0.400000;0.000000;0.021811;0.004092;0.098897;0.033027;0.400000;0.000000
1971-02;0.013334;0.020790;0.055595;0.400000;0.000000;0.000000;0.000000;0.400000;0.000000;0.110281
1971-03;0.400000;0.000000;0.078907;0.000000;0.000000;0.000000;0.000000;0.122682;0.074968;0.323443
1971-04;0.000000;0.000000;0.039521;0.033785;0.060081;0.064493;0.111441;0.163168;0.192384;0.335128
1971-05;0.073193;0.054960;0.155755;0.096922;0.108206;0.159313;0.035116;0.112831;0.121917;0.081789
1971-06;0.018439;0.021804;0.028396;0.042185;0.076263;0.400000;0.000000;0.000000;0.340538;0.072375
1971-07;0.197993;0.114338;0.000000;0.000000;0.000000;0.000000;0.373342;0.000000;0.209000;0.105328
1971-08;0.227284;0.000000;0.000000;0.146573;0.000000;0.081965;0.089009;0.363261;0.082602;0.009307
1971-09;0.059915;0.074554;0.070549;0.137731;0.161979;0.177195;0.134969;0.160675;0.022434;0.000000
1971-10;0.065717;0.064746;0.053956;0.080244;0.000000;0.121290;0.219703;0.134259;0.092919;0.167167
1971-11;0.083150;0.126880;0.216224;0.252565;0.182523;0.098336;0.000000;0.040322;0.000000;0.000000
1971-12;0.212177;0.136568;0.000000;0.000000;0.144398;0.011818;0.105055;0.355471;0.000000;0.034512
1972-01;0.050010;0.000000;0.067675;0.082028;0.120266;0.184304;0.114477;0.164002;0.178296;0.038941
1972-02;0.259988;0.132198;0.148799;0.238354;0.000000;0.000000;0.206237;0.000000;0.014424;0.000000
1972-03;0.000000;0.335362;0.343294;0.106022;0.000000;0.000000;0.204818;0.000000;0.000000;0.010503
1972-04;0.253219;0.000000;0.000000;0.000000;0.000000;0.082412;0.302601;0.000000;0.314742;0.047026
1972-05;0.009384;0.000000;0.000000;0.000000;0.000000;0.097582;0.123892;0.400000;0.206409;0.162733
1972-06;0.009958;0.008659;0.003779;0.230982;0.256939;0.000000;0.000000;0.000000;0.400000;0.089684
1972-07;0.195900;0.000000;0.239060;0.000000;0.000000;0.000000;0.400000;0.000000;0.021715;0.143324
1972-08;0.400000;0.000000;0.000000;0.400000;0.000000;0.044581;0.017116;0.033468;0.031457;0.073378
1972-09;0.026536;0.063992;0.070485;0.110812;0.121478;0.113077;0.091939;0.118662;0.148517;0.134502
1972-10;0.053372;0.088102;0.068258;0.137388;0.132772;0.136398;0.140222;0.107409;0.136079;0.000000
1972-11;0.000000;0.004403;0.008950;0.000000;0.371368;0.349693;0.000000;0.000000;0.000000;0.265586
1972-12;0.057225;0.034657;0.010144;0.000000;0.000000;0.236994;0.032562;0.228418;0.400000;0.000000
1973-01;0.018994;0.013496;0.000000;0.273802;0.249168;0.000000;0.024171;0.038591;0.303718;0.078059
1973-02;0.014494;0.000000;0.003065;0.022928;0.400000;0.329463;0.001356;0.000000;0.000000;0.228695
1973-03;0.000000;0.202286;0.000000;0.005141;0.303660;0.241243;0.000000;0.000000;0.247670;0.000000
1973-04;0.381752;0.000000;0.000000;0.018872;0.015742;0.064068;0.021956;0.239460;0.097737;0.160413
1973-05;0.000000;0.000000;0.000000;0.169561;0.395886;0.034553;0.000000;0.000000;0.000000;0.400000
1973-06;0.000000;0.000000;0.000000;0.193888;0.396492;0.063979;0.086694;0.258948;0.000000;0.000000
1973-07;0.000000;0.000000;0.000000;0.039312;0.081967;0.053162;0.089267;0.120426;0.215867;0.400000
1973-08;0.024950;0.045065;0.075031;0.137657;0.152073;0.150463;0.111669;0.130095;0.102837;0.070159
1973-09;0.228949;0.125009;0.219865;0.145525;0.091693;0.036602;0.020594;0.131763;0.000000;0.000000
1973-10;0.071953;0.180769;0.139641;0.000000;0.120800;0.000000;0.142382;0.038674;0.000000;0.305781
1973-11;0.071280;0.000000;0.000000;0.000000;0.000000;0.041341;0.132622;0.217298;0.137458;0.400000
1973-12;0.000000;0.000000;0.126680;0.356245;0.267729;0.198083;0.030686;0.000000;0.000000;0.020577
1974-01;0.000000;0.000000;0.000000;0.000000;0.232759;0.000000;0.000000;0.176532;0.400000;0.190709
1974-02;0.000000;0.000000;0.000000;0.038935;0.061635;0.093540;0.123890;0.181713;0.232725;0.267563
1974-03;0.242145;0.118781;0.280398;0.174601;0.080088;0.012889;0.000000;0.000000;0.000000;0.091098
1974-04;0.238404;0.400000;0.058783;0.000000;0.136135;0.000000;0.166677;0.000000;0.000000;0.000000
1974-05;0.000000;0.000000;0.000000;0.000000;0.091514;0.145026;0.148266;0.164748;0.227019;0.223427
1974-06;0.000000;0.056620;0.208495;0.157323;0.136596;0.174151;0.025698;0.123790;0.117328;0.000000
1974-07;0.152722;0.143135;0.155218;0.188618;0.083366;0.053253;0.000000;0.157344;0.066344;0.000000
1974-08;0.400000;0.000000;0.334090;0.000000;0.105840;0.036236;0.052695;0.032688;0.024715;0.013735
1974-09;0.000000;0.000000;0.023313;0.125649;0.118805;0.150292;0.129127;0.252477;0.087716;0.112622
1974-10;0.132459;0.077016;0.122231;0.169004;0.099727;0.153364;0.011146;0.149261;0.000000;0.085791
1974-11;0.000000;0.000000;0.059366;0.091615;0.143582;0.107620;0.165105;0.186128;0.119016;0.127568
1974-12;0.135263;0.123847;0.195857;0.168511;0.075536;0.113120;0.071091;0.000000;0.031681;0.085094
1975-01;0.382661;0.275926;0.000000;0.225560;0.115852;0.000000;0.000000;0.000000;0.000000;0.000000
1975-02;0.000000;0.000000;0.000000;0.024976;0.148868;0.040428;0.168013;0.178967;0.126004;0.312743
1975-03;0.100206;0.025351;0.104518;0.097735;0.098672;0.081510;0.115665;0.121315;0.091946;0.163080
1975-04;0.286719;0.318740;0.254917;0.102351;0.037273;0.000000;0.000000;0.000000;0.000000;0.000000
1975-05;0.009488;0.400000;0.182791;0.000000;0.000000;0.000000;0.400000;0.000000;0.007721;0.000000
1975-06;0.400000;0.000000;0.000000;0.110635;0.000000;0.135370;0.002953;0.331132;0.012080;0.007830
1975-07;0.231339;0.137867;0.160967;0.000000;0.000000;0.000000;0.000000;0.078342;0.210500;0.180985
1975-08;0.206379;0.225110;0.062191;0.149169;0.036556;0.049296;0.090065;0.181234;0.000000;0.000000
1975-09;0.146907;0.000000;0.400000;0.064779;0.057058;0.064687;0.065823;0.032711;0.075636;0.092399
1975-10;0.020965;0.059565;0.030075;0.053002;0.052989;0.074191;0.006617;0.139190;0.266606;0.296799
1975-11;0.025660;0.070559;0.099469;0.171134;0.134610;0.223862;0.049952;0.224754;0.000000;0.000000
1975-12;0.037229;0.288849;0.000000;0.400000;0.003137;0.000000;0.118335;0.000000;0.000000;0.152451
1976-01;0.229987;0.111776;0.000000;0.202493;0.099797;0.094486;0.027344;0.114140;0.000000;0.119977
1976-02;0.000000;0.000000;0.000000;0.079149;0.089166;0.105642;0.183955;0.208796;0.176437;0.156854
1976-03;0.098279;0.067404;0.108210;0.121695;0.061119;0.082535;0.074025;0.236554;0.113536;0.036644
1976-04;0.000000;0.400000;0.400000;0.000000;0.113867;0.086133;0.000000;0.000000;0.000000;0.000000
1976-05;0.267092;0.103879;0.000000;0.000000;0.000000;0.000000;0.266457;0.000000;0.269809;0.092763
1976-06;0.364052;0.000000;0.000000;0.115317;0.014971;0.210319;0.000000;0.207734;0.087607;0.000000
1976-07;0.000000;0.000000;0.000000;0.018331;0.000000;0.128178;0.210943;0.176128;0.193209;0.273211
1976-08;0.000000;0.053658;0.000000;0.000000;0.087678;0.158200;0.174111;0.211530;0.106575;0.208247
1976-09;0.000000;0.400000;0.000000;0.144476;0.148802;0.119894;0.107083;0.009601;0.070145;0.000000
1976-10;0.027756;0.073934;0.098616;0.089157;0.068446;0.134842;0.063760;0.076205;0.218547;0.148737
1976-11;0.114599;0.097503;0.137916;0.145513;0.122927;0.216646;0.000000;0.164896;0.000000;0.000000
1976-12;0.000000;0.400000;0.400000;0.000000;0.000000;0.000000;0.000000;0.190541;0.000000;0.009459
1977-01;0.294692;0.037992;0.066023;0.000000;0.000000;0.058661;0.071695;0.226095;0.181446;0.063396
1977-02;0.370263;0.000000;0.000000;0.329839;0.170263;0.077273;0.010607;0.013475;0.011248;0.017032
1977-03;0.000000;0.000000;0.022212;0.119581;0.250886;0.184954;0.190041;0.152036;0.006320;0.073970
1977-04;0.386811;0.000000;0.000000;0.000000;0.000000;0.320561;0.180980;0.081366;0.024287;0.005995
1977-05;0.400000;0.000000;0.000000;0.032021;0.000000;0.236937;0.000000;0.233221;0.092762;0.005059
1977-06;0.134415;0.321187;0.000000;0.115270;0.000000;0.109351;0.000000;0.313895;0.000000;0.005882
1977-07;0.400000;0.000000;0.000000;0.400000;0.059854;0.003563;0.050843;0.040605;0.009047;0.036088
1977-08;0.303117;0.000000;0.109856;0.000000;0.052984;0.099500;0.027721;0.159228;0.184671;0.062923
1977-09;0.145996;0.120935;0.223883;0.200105;0.141434;0.167647;0.000000;0.000000;0.000000;0.000000
1977-10;0.012817;0.400000;0.184478;0.000000;0.133262;0.000000;0.000000;0.250399;0.017642;0.001402
1977-11;0.193827;0.089683;0.000000;0.000000;0.006464;0.000000;0.000000;0.400000;0.302154;0.007872
1977-12;0.400000;0.000000;0.030066;0.075254;0.153253;0.080120;0.090517;0.057064;0.062798;0.050930
1978-01;0.304146;0.000000;0.000000;0.077326;0.000000;0.149645;0.133583;0.219072;0.061398;0.054829
1978-02;0.000000;0.000000;0.257248;0.239652;0.202648;0.094064;0.105396;0.013807;0.044617;0.042566
1978-03;0.000000;0.000000;0.000000;0.075285;0.285987;0.314059;0.152371;0.049339;0.046891;0.076068
1978-04;0.044612;0.000000;0.116543;0.101966;0.098636;0.197096;0.094560;0.053613;0.101883;0.191092
1978-05;0.400000;0.000000;0.079070;0.000000;0.000000;0.006285;0.245299;0.071375;0.099269;0.098702
1978-06;0.000000;0.400000;0.000000;0.000000;0.175322;0.000000;0.000000;0.000000;0.400000;0.024678
1978-07;0.400000;0.000000;0.000000;0.000000;0.400000;0.099840;0.047255;0.024428;0.020054;0.008423
1978-08;0.171777;0.000000;0.052462;0.073083;0.000000;0.100988;0.060342;0.180122;0.137384;0.223842
1978-09;0.211603;0.096048;0.076245;0.131845;0.000000;0.117109;0.000000;0.152764;0.158477;0.055909
1978-10;0.084893;0.006356;0.400000;0.000000;0.000000;0.147213;0.236148;0.000000;0.125390;0.000000
1978-11;0.000000;0.132078;0.000000;0.110990;0.156924;0.152424;0.206163;0.019862;0.105579;0.115981
1978-12;0.000000;0.088342;0.037397;0.078582;0.143784;0.139184;0.114564;0.152663;0.135108;0.110376
1979-01;0.080439;0.048558;0.095734;0.119773;0.119749;0.153638;0.073841;0.085147;0.134518;0.088602
1979-02;0.114945;0.270768;0.056975;0.000000;0.157313;0.000000;0.400000;0.000000;0.000000;0.000000
1979-03;0.176067;0.227516;0.000000;0.000000;0.000000;0.000000;0.107159;0.072436;0.073152;0.343670
1979-04;0.000000;0.197071;0.400000;0.072487;0.124911;0.077273;0.052446;0.043413;0.009520;0.022879
1979-05;0.185147;0.059669;0.147229;0.125746;0.081395;0.148083;0.000000;0.212652;0.040079;0.000000
1979-06;0.151028;0.198291;0.249167;0.400000;0.000000;0.000000;0.000000;0.000000;0.000000;0.001514
1979-07;0.400000;0.000000;0.000000;0.000000;0.022526;0.000000;0.308780;0.208598;0.060096;0.000000
1979-08;0.125234;0.000000;0.000000;0.100266;0.000000;0.074380;0.051256;0.259800;0.134778;0.254286
1979-09;0.261488;0.083205;0.107083;0.212975;0.086731;0.050641;0.105251;0.092625;0.000000;0.000000
1979-10;0.254629;0.245939;0.276586;0.000000;0.052181;0.000000;0.079245;0.000000;0.091421;0.000000
1979-11;0.035837;0.000000;0.107292;0.172539;0.195939;0.145416;0.067640;0.000000;0.275337;0.000000
1979-12;0.000000;0.000000;0.026241;0.090301;0.167107;0.221360;0.169082;0.176662;0.138901;0.010346
1980-01;0.097463;0.055515;0.080379;0.114146;0.102499;0.126820;0.115611;0.151292;0.156276;0.000000
1980-02;0.000000;0.400000;0.000000;0.000000;0.196821;0.000000;0.318365;0.003456;0.077401;0.003956
1980-03;0.000000;0.400000;0.000000;0.000000;0.376514;0.049179;0.000000;0.048577;0.033493;0.092236
1980-04;0.000000;0.000000;0.000000;0.128248;0.179437;0.182445;0.173877;0.183277;0.124360;0.028355
1980-05;0.000000;0.000000;0.002568;0.074427;0.107222;0.153751;0.092684;0.193670;0.375679;0.000000
1980-06;0.073027;0.049860;0.071972;0.108183;0.112502;0.135223;0.104931;0.155672;0.048251;0.140380
1980-07;0.025512;0.375594;0.000000;0.000000;0.075660;0.000000;0.400000;0.085658;0.000000;0.037575
1980-08;0.185172;0.327918;0.000000;0.000000;0.000000;0.000000;0.129794;0.000000;0.152728;0.204388
1980-09;0.000000;0.000000;0.000000;0.000000;0.000000;0.117701;0.082004;0.110375;0.289920;0.400000
1980-10;0.317834;0.128433;0.339115;0.158513;0.003069;0.044984;0.000000;0.000000;0.000000;0.008053
1980-11;0.019188;0.073135;0.400000;0.000000;0.000000;0.000000;0.000000;0.147012;0.360666;0.000000
1980-12;0.400000;0.000000;0.000000;0.171159;0.000000;0.165817;0.107018;0.015221;0.140786;0.000000
1981-01;0.400000;0.131801;0.000000;0.104271;0.000000;0.052229;0.064694;0.028544;0.119855;0.098606
1981-02;0.000000;0.045812;0.015490;0.155828;0.185680;0.164984;0.171510;0.260696;0.000000;0.000000
1981-03;0.000000;0.000000;0.000000;0.016217;0.080577;0.090128;0.061421;0.155817;0.195840;0.400000
1981-04;0.002718;0.057594;0.000000;0.108584;0.058457;0.227256;0.000000;0.000000;0.145392;0.400000
1981-05;0.063648;0.050031;0.022798;0.400000;0.000000;0.000000;0.062394;0.106460;0.294669;0.000000
1981-06;0.094690;0.262489;0.000000;0.000000;0.284279;0.000000;0.348429;0.008196;0.000000;0.001918
1981-07;0.400000;0.000000;0.000000;0.130355;0.000000;0.169308;0.002065;0.256129;0.038807;0.003336
1981-08;0.400000;0.154032;0.000000;0.045968;0.000000;0.000000;0.000000;0.400000;0.000000;0.000000
1981-09;0.182272;0.000000;0.000000;0.238480;0.400000;0.000000;0.000000;0.179248;0.000000;0.000000
1981-10;0.306913;0.000000;0.000000;0.129119;0.400000;0.000000;0.110376;0.043376;0.010216;0.000000
1981-11;0.000000;0.000000;0.000000;0.112960;0.126833;0.174227;0.144723;0.183811;0.161248;0.096198
1981-12;0.081926;0.053816;0.092037;0.134989;0.134636;0.122618;0.111463;0.171405;0.097111;0.000000
1982-01;0.150547;0.227321;0.000000;0.175995;0.252116;0.000000;0.194021;0.000000;0.000000;0.000000
1982-02;0.024712;0.031271;0.000000;0.000000;0.148937;0.337754;0.246014;0.000000;0.108420;0.102892
1982-03;0.135482;0.007248;0.000000;0.160949;0.147059;0.095091;0.000000;0.249137;0.203174;0.001859
1982-04;0.135238;0.042423;0.044704;0.140636;0.113115;0.000000;0.216440;0.190339;0.046627;0.070478
1982-05;0.368140;0.000000;0.032375;0.058015;0.238764;0.000000;0.193555;0.000000;0.109153;0.000000
1982-06;0.284726;0.000000;0.000000;0.075109;0.036791;0.037520;0.110555;0.174338;0.145330;0.135632
1982-07;0.076809;0.036024;0.115654;0.180725;0.167142;0.166687;0.123221;0.108790;0.024948;0.000000
1982-08;0.010752;0.000000;0.006169;0.107993;0.105494;0.054912;0.181607;0.344032;0.189040;0.000000
1982-09;0.087660;0.000000;0.191264;0.160153;0.194121;0.165577;0.107384;0.000000;0.093841;0.000000
1982-10;0.021619;0.120618;0.400000;0.000000;0.221467;0.000000;0.222490;0.013806;0.000000;0.000000
1982-11;0.233274;0.400000;0.000000;0.000000;0.000000;0.000000;0.215442;0.151283;0.000000;0.000000
1982-12;0.231614;0.000000;0.000000;0.000000;0.000000;0.009793;0.202114;0.000000;0.156479;0.400000
1983-01;0.201020;0.099063;0.215783;0.141270;0.114001;0.106514;0.000000;0.000000;0.000000;0.122349
1983-02;0.150245;0.400000;0.000000;0.000000;0.130187;0.000000;0.000000;0.241954;0.077614;0.000000
1983-03;0.125988;0.000000;0.049724;0.264883;0.036431;0.044265;0.000000;0.000000;0.400000;0.078709
1983-04;0.355968;0.000000;0.000000;0.322417;0.000000;0.026433;0.000000;0.254934;0.017130;0.023119
1983-05;0.000000;0.400000;0.000000;0.000000;0.014277;0.111658;0.096818;0.118786;0.111200;0.147261
1983-06;0.000000;0.400000;0.000000;0.400000;0.040931;0.113705;0.003601;0.015210;0.026553;0.000000
1983-07;0.305404;0.147772;0.322514;0.058666;0.000000;0.109265;0.049301;0.007079;0.000000;0.000000
1983-08;0.064279;0.280044;0.000000;0.000000;0.082302;0.400000;0.000000;0.000000;0.124374;0.049003
1983-09;0.279045;0.000000;0.000000;0.295008;0.025946;0.000000;0.000000;0.400000;0.000000;0.000000
1983-10;0.000000;0.324135;0.000000;0.348434;0.000000;0.125875;0.000000;0.201556;0.000000;0.000000
1983-11;0.146199;0.000000;0.000000;0.081652;0.102855;0.138829;0.130465;0.000000;0.400000;0.000000
1983-12;0.000000;0.400000;0.000000;0.096423;0.191652;0.051321;0.021303;0.239301;0.000000;0.000000
1984-01;0.155220;0.098319;0.092643;0.126344;0.061070;0.124265;0.118768;0.223370;0.000000;0.000000
1984-02;0.000000;0.116580;0.031471;0.170161;0.187326;0.248363;0.077677;0.058461;0.109962;0.000000
1984-03;0.039275;0.055322;0.036223;0.000000;0.051564;0.349821;0.000000;0.000000;0.400000;0.067796
1984-04;0.066570;0.133869;0.000000;0.375089;0.128590;0.224827;0.001701;0.069353;0.000000;0.000000
1984-05;0.384735;0.000000;0.019426;0.000000;0.000000;0.000000;0.131523;0.113532;0.256063;0.094722
1984-06;0.002131;0.000000;0.072199;0.400000;0.297807;0.121982;0.105880;0.000000;0.000000;0.000000
1984-07;0.196919;0.000000;0.000000;0.081494;0.118077;0.121220;0.163346;0.200655;0.107834;0.010455
1984-08;0.031369;0.000000;0.000000;0.096337;0.095027;0.078990;0.117040;0.156920;0.212499;0.211819
1984-09;0.091218;0.047961;0.175146;0.236488;0.242104;0.207084;0.000000;0.000000;0.000000;0.000000
1984-10;0.239382;0.162435;0.051653;0.000000;0.107322;0.000000;0.257375;0.170668;0.011166;0.000000
1984-11;0.400000;0.000000;0.000000;0.400000;0.150564;0.000000;0.016520;0.032916;0.000000;0.000000
1984-12;0.030441;0.400000;0.000000;0.000000;0.283683;0.000000;0.000000;0.005394;0.268955;0.011526
1985-01;0.035896;0.000000;0.000000;0.000000;0.230590;0.064765;0.017904;0.000000;0.400000;0.250844
1985-02;0.400000;0.000000;0.184265;0.074947;0.160867;0.000000;0.042480;0.025019;0.060552;0.051869
1985-03;0.137142;0.197668;0.088765;0.176409;0.070185;0.083357;0.234948;0.000000;0.000000;0.011526
1985-04;0.000000;0.400000;0.000000;0.130931;0.120640;0.099298;0.038781;0.068156;0.096818;0.045376
1985-05;0.000000;0.000000;0.000000;0.000000;0.031143;0.025284;0.099405;0.295030;0.400000;0.149138
1985-06;0.011079;0.000000;0.045872;0.096064;0.184929;0.251784;0.000000;0.237550;0.158982;0.013740
1985-07;0.148372;0.144799;0.000000;0.000000;0.205063;0.000000;0.032374;0.091885;0.377508;0.000000
1985-08;0.211184;0.246014;0.000000;0.000000;0.105654;0.159966;0.161853;0.115329;0.000000;0.000000
1985-09;0.400000;0.000000;0.000000;0.032991;0.098249;0.038777;0.033572;0.163316;0.066651;0.166444
1985-10;0.036038;0.034804;0.069698;0.114834;0.000000;0.029273;0.027231;0.119584;0.400000;0.168538
1985-11;0.099589;0.097677;0.076506;0.160866;0.165363;0.400000;0.000000;0.000000;0.000000;0.000000
1985-12;0.018896;0.000000;0.000000;0.400000;0.007697;0.000000;0.037569;0.310756;0.225082;0.000000
1986-01;0.248021;0.267201;0.000000;0.000000;0.152867;0.000000;0.272465;0.000000;0.000000;0.059446
1986-02;0.060379;0.400000;0.000000;0.000000;0.319897;0.000000;0.130669;0.000000;0.089055;0.000000
1986-03;0.000000;0.178916;0.000000;0.000000;0.400000;0.000000;0.036757;0.000000;0.384327;0.000000
1986-04;0.003746;0.079679;0.000000;0.400000;0.000000;0.000000;0.000000;0.164501;0.048499;0.303575
1986-05;0.400000;0.200000;0.000000;0.000000;0.000000;0.000000;0.400000;0.000000;0.000000;0.000000
1986-06;0.400000;0.000000;0.000000;0.000000;0.020772;0.173406;0.193140;0.204645;0.008037;0.000000
1986-07;0.303281;0.000000;0.000000;0.173268;0.000000;0.168227;0.009855;0.148430;0.029668;0.167270
1986-08;0.000000;0.064134;0.017728;0.159509;0.136103;0.212224;0.129297;0.114743;0.000000;0.166262
1986-09;0.000000;0.357480;0.051506;0.094383;0.107548;0.173738;0.117482;0.040065;0.050574;0.007223
1986-10;0.000000;0.000000;0.000000;0.000000;0.000000;0.125003;0.074997;0.400000;0.400000;0.000000
1986-11;0.130127;0.150944;0.135077;0.180737;0.143308;0.100625;0.093222;0.065961;0.000000;0.000000
1986-12;0.066339;0.089533;0.000000;0.000000;0.000000;0.000000;0.178540;0.182751;0.249713;0.233123
1987-01;0.011503;0.365768;0.000000;0.193309;0.318352;0.000000;0.038033;0.051690;0.000000;0.021345
1987-02;0.188859;0.157675;0.183261;0.140329;0.171325;0.158550;0.000000;0.000000;0.000000;0.000000
1987-03;0.048223;0.042880;0.000000;0.059661;0.000000;0.034177;0.156283;0.189801;0.233850;0.235126
1987-04;0.400000;0.000000;0.400000;0.000000;0.000000;0.000000;0.071012;0.051036;0.015129;0.062824
1987-05;0.032486;0.400000;0.000000;0.000000;0.057994;0.088401;0.343194;0.000000;0.027704;0.050220
1987-06;0.205177;0.000000;0.000000;0.139635;0.325567;0.191673;0.011038;0.000000;0.126909;0.000000
1987-07;0.083991;0.000000;0.047743;0.065996;0.092906;0.000000;0.156509;0.137553;0.196849;0.218454
1987-08;0.050726;0.050287;0.000000;0.333907;0.318320;0.238182;0.000000;0.000000;0.008578;0.000000
1987-09;0.140532;0.400000;0.000000;0.000000;0.246493;0.067110;0.039096;0.062864;0.012250;0.031656
1987-10;0.094990;0.079935;0.043706;0.087507;0.103493;0.085411;0.083028;0.035284;0.140490;0.246156
1987-11;0.064410;0.069980;0.101554;0.135195;0.131093;0.168749;0.134626;0.162232;0.032161;0.000000
1987-12;0.000000;0.000000;0.000000;0.079149;0.181743;0.190509;0.159072;0.194594;0.054345;0.140588
1988-01;0.061218;0.034812;0.073102;0.087159;0.085782;0.118997;0.121627;0.126056;0.127856;0.163390
1988-02;0.107792;0.098109;0.000000;0.121880;0.036687;0.000000;0.111243;0.168839;0.018992;0.336459
1988-03;0.000000;0.400000;0.000000;0.000000;0.112317;0.000000;0.087683;0.000000;0.000000;0.400000
1988-04;0.000000;0.000000;0.000000;0.000000;0.105902;0.092765;0.252113;0.248102;0.098497;0.202621
1988-05;0.172053;0.021764;0.210421;0.102571;0.089255;0.094842;0.000000;0.177437;0.033418;0.098241
1988-06;0.055425;0.054003;0.072574;0.101546;0.083127;0.290531;0.000000;0.163098;0.135437;0.044260
1988-07;0.393749;0.000000;0.132599;0.000000;0.039065;0.000000;0.221142;0.213446;0.000000;0.000000
1988-08;0.358341;0.000000;0.241834;0.111111;0.000000;0.000000;0.087573;0.103102;0.098039;0.000000
1988-09;0.083572;0.083432;0.100400;0.189219;0.126194;0.168943;0.060499;0.122272;0.065468;0.000000
1988-10;0.015906;0.016517;0.048890;0.015985;0.118194;0.196319;0.193699;0.224825;0.165220;0.004445
1988-11;0.044514;0.054940;0.163262;0.099284;0.077820;0.205683;0.113843;0.000000;0.202686;0.037968
1988-12;0.001030;0.053727;0.000000;0.400000;0.400000;0.000000;0.000000;0.000000;0.084226;0.061017
1989-01;0.244204;0.185998;0.000000;0.000000;0.000000;0.000000;0.368120;0.201678;0.000000;0.000000
1989-02;0.172523;0.000000;0.022665;0.149212;0.082987;0.111238;0.043247;0.134035;0.146502;0.137591
1989-03;0.000000;0.400000;0.000000;0.193144;0.000000;0.000000;0.122131;0.130730;0.099455;0.054540
1989-04;0.027289;0.400000;0.000000;0.080603;0.394048;0.000000;0.068807;0.029253;0.000000;0.000000
1989-05;0.223493;0.000000;0.000000;0.000000;0.400000;0.000000;0.094806;0.000000;0.268795;0.012906
1989-06;0.342446;0.000000;0.000000;0.351814;0.000000;0.068099;0.011172;0.186098;0.000000;0.040370
1989-07;0.255482;0.000000;0.000000;0.000000;0.382320;0.000000;0.362198;0.000000;0.000000;0.000000
1989-08;0.126381;0.086122;0.000000;0.000000;0.341250;0.000000;0.400000;0.046013;0.000000;0.000235
1989-09;0.083310;0.219778;0.000000;0.374997;0.000000;0.000000;0.058359;0.076198;0.131774;0.055585
1989-10;0.044242;0.053506;0.000000;0.342323;0.356026;0.140366;0.048995;0.014542;0.000000;0.000000
1989-11;0.077770;0.093465;0.000000;0.096570;0.318674;0.000000;0.180133;0.000000;0.202011;0.031376
1989-12;0.000000;0.282368;0.000000;0.045315;0.390757;0.000000;0.129293;0.000000;0.098713;0.053554
1990-01;0.087643;0.000000;0.000000;0.072283;0.091144;0.221792;0.000000;0.254437;0.272701;0.000000
1990-02;0.000000;0.223982;0.000000;0.273100;0.157709;0.077186;0.188234;0.079790;0.000000;0.000000
1990-03;0.000000;0.400000;0.003857;0.026798;0.094038;0.119321;0.145865;0.035761;0.059182;0.115178
1990-04;0.045495;0.000000;0.036687;0.073162;0.084947;0.140237;0.074169;0.193162;0.166975;0.185166
1990-05;0.281101;0.106904;0.046641;0.197425;0.128069;0.055666;0.147457;0.036738;0.000000;0.000000
1990-06;0.400000;0.366481;0.000000;0.056454;0.124777;0.043702;0.008586;0.000000;0.000000;0.000000
1990-07;0.300728;0.000000;0.000000;0.199974;0.122914;0.298148;0.011605;0.022253;0.019731;0.024646
1990-08;0.400000;0.000000;0.228015;0.148014;0.140798;0.034717;0.000000;0.048456;0.000000;0.000000
1990-09;0.000000;0.094778;0.000000;0.000000;0.146201;0.000000;0.400000;0.000000;0.143844;0.215177
1990-10;0.054797;0.000000;0.000000;0.099222;0.109348;0.400000;0.082746;0.119622;0.052390;0.081873
1990-11;0.000000;0.039229;0.056303;0.092707;0.101340;0.131047;0.109669;0.018810;0.129118;0.321776
1990-12;0.000000;0.082987;0.094146;0.169266;0.163643;0.142692;0.179907;0.122138;0.045221;0.000000
1991-01;0.320618;0.087155;0.135745;0.006407;0.214664;0.000000;0.123697;0.073733;0.037981;0.000000
1991-02;0.175717;0.175525;0.167055;0.000000;0.128473;0.000000;0.128073;0.000000;0.000000;0.225157
1991-03;0.303822;0.128630;0.205308;0.000000;0.116392;0.000000;0.000000;0.000000;0.000000;0.245848
1991-04;0.002336;0.000000;0.400000;0.000000;0.000000;0.000000;0.231636;0.000000;0.366028;0.000000
1991-05;0.239123;0.000000;0.400000;0.181476;0.000000;0.050319;0.000000;0.039830;0.054024;0.035227
1991-06;0.400000;0.000000;0.106388;0.000000;0.000000;0.000000;0.383385;0.049392;0.033765;0.027070
1991-07;0.011453;0.000000;0.000000;0.000000;0.000000;0.078984;0.151993;0.176195;0.220049;0.361327
1991-08;0.000000;0.000000;0.060023;0.140887;0.225038;0.218789;0.177214;0.100668;0.077381;0.000000
1991-09;0.069567;0.050497;0.052127;0.093432;0.113961;0.154232;0.125095;0.000000;0.186064;0.155026
1991-10;0.011184;0.005438;0.400000;0.026669;0.037595;0.055370;0.000000;0.000000;0.287799;0.175945
1991-11;0.146553;0.150581;0.171579;0.136054;0.199030;0.196203;0.000000;0.000000;0.000000;0.000000
1991-12;0.012340;0.007417;0.017800;0.018690;0.000000;0.400000;0.000000;0.400000;0.000000;0.143752
1992-01;0.400000;0.000000;0.400000;0.066794;0.022126;0.035806;0.022354;0.038460;0.004890;0.009570
1992-02;0.246783;0.256980;0.223866;0.136271;0.008202;0.006868;0.000000;0.007454;0.113576;0.000000
1992-03;0.400000;0.000000;0.400000;0.000000;0.000000;0.120567;0.000000;0.079433;0.000000;0.000000
1992-04;0.000000;0.400000;0.000000;0.000000;0.116049;0.000000;0.154535;0.000000;0.253089;0.076327
1992-05;0.000000;0.166849;0.000000;0.033151;0.400000;0.400000;0.000000;0.000000;0.000000;0.000000
1992-06;0.000000;0.275633;0.000000;0.001452;0.295873;0.000000;0.135845;0.291197;0.000000;0.000000
1992-07;0.002808;0.020498;0.013549;0.235618;0.000000;0.400000;0.281905;0.000000;0.035237;0.010385
1992-08;0.000000;0.400000;0.000000;0.133580;0.400000;0.013275;0.013091;0.019876;0.004102;0.016077
1992-09;0.066456;0.053277;0.047970;0.075893;0.081439;0.136862;0.100944;0.179478;0.161678;0.096001
1992-10;0.138021;0.143929;0.145546;0.188391;0.141730;0.182182;0.000000;0.060201;0.000000;0.000000
1992-11;0.088558;0.051959;0.042124;0.038020;0.041652;0.159774;0.065147;0.000000;0.253129;0.259636
1992-12;0.028910;0.398629;0.000000;0.000000;0.400000;0.000000;0.000000;0.152269;0.000000;0.020192
1993-01;0.034040;0.161546;0.341853;0.000000;0.000000;0.000000;0.000000;0.400000;0.045032;0.017530
1993-02;0.000000;0.377849;0.000000;0.000000;0.000000;0.000000;0.400000;0.222151;0.000000;0.000000
1993-03;0.273209;0.000000;0.186287;0.000000;0.000000;0.000000;0.000000;0.400000;0.000000;0.140504
1993-04;0.000000;0.400000;0.000000;0.000000;0.164316;0.035879;0.374767;0.000000;0.006046;0.018992
1993-05;0.174316;0.025684;0.000000;0.000000;0.000000;0.400000;0.400000;0.000000;0.000000;0.000000
1993-06;0.000000;0.400000;0.000000;0.018289;0.164961;0.000000;0.400000;0.000000;0.016750;0.000000
1993-07;0.255210;0.061645;0.069482;0.031454;0.059210;0.141710;0.000000;0.089435;0.069863;0.221991
1993-08;0.000000;0.056195;0.028350;0.093400;0.110722;0.000000;0.311334;0.400000;0.000000;0.000000
1993-09;0.303586;0.008188;0.013701;0.004331;0.000000;0.129668;0.090093;0.000000;0.400000;0.050434
1993-10;0.068369;0.400000;0.000000;0.000000;0.000000;0.000000;0.008295;0.400000;0.000000;0.123336
1993-11;0.400000;0.000000;0.130255;0.000000;0.000000;0.000000;0.146527;0.044554;0.151692;0.126972
1993-12;0.244770;0.000000;0.146396;0.000000;0.000000;0.318359;0.000000;0.000000;0.265819;0.024656
1994-01;0.208911;0.000000;0.000000;0.309238;0.072809;0.144724;0.000000;0.179929;0.070529;0.013860
1994-02;0.108336;0.000000;0.046506;0.050511;0.127136;0.102149;0.199392;0.170584;0.000000;0.195386
1994-03;0.000000;0.400000;0.000000;0.000000;0.000000;0.000000;0.400000;0.075967;0.033992;0.090041
1994-04;0.400000;0.000000;0.118964;0.000000;0.179709;0.076834;0.068385;0.029652;0.066477;0.059980
1994-05;0.000000;0.175139;0.112853;0.069266;0.400000;0.106655;0.079091;0.056997;0.000000;0.000000
1994-06;0.166434;0.000000;0.079627;0.142478;0.000000;0.084526;0.011160;0.211139;0.042526;0.262109
1994-07;0.000000;0.032222;0.392313;0.257363;0.000000;0.000000;0.000000;0.000000;0.318102;0.000000
1994-08;0.000000;0.400000;0.000000;0.000000;0.091653;0.391830;0.066544;0.024883;0.025090;0.000000
1994-09;0.000000;0.021791;0.000000;0.107116;0.125542;0.134885;0.137223;0.140090;0.096950;0.236403
1994-10;0.333770;0.167851;0.192547;0.093860;0.175389;0.001857;0.000000;0.034726;0.000000;0.000000
1994-11;0.052401;0.195900;0.056012;0.000000;0.020851;0.400000;0.274835;0.000000;0.000000;0.000000
1994-12;0.097793;0.037902;0.000000;0.000000;0.145336;0.206924;0.188197;0.000000;0.290666;0.033183
1995-01;0.400000;0.000000;0.109339;0.068349;0.271754;0.024743;0.000000;0.056751;0.036146;0.032916
1995-02;0.305354;0.000000;0.000000;0.000000;0.151470;0.290070;0.237948;0.000000;0.015159;0.000000
1995-03;0.000000;0.312015;0.000000;0.297668;0.000000;0.000000;0.037304;0.000000;0.291374;0.061638
1995-04;0.303185;0.000000;0.400000;0.057311;0.083386;0.071685;0.073186;0.000000;0.000000;0.011247
1995-05;0.252720;0.064738;0.000000;0.069709;0.066656;0.400000;0.039467;0.000000;0.000000;0.106710
1995-06;0.000000;0.033247;0.151239;0.000000;0.209381;0.000000;0.206483;0.000000;0.383481;0.016169
1995-07;0.000000;0.288289;0.000000;0.155919;0.000000;0.155792;0.000000;0.000000;0.400000;0.000000
1995-08;0.212983;0.000000;0.025566;0.387667;0.000000;0.000000;0.272860;0.000000;0.059111;0.041812
1995-09;0.366675;0.000000;0.000000;0.000000;0.322873;0.000000;0.136175;0.000000;0.000000;0.174278
1995-10;0.329379;0.000000;0.000000;0.000000;0.400000;0.030942;0.014074;0.068731;0.114158;0.042716
1995-11;0.000000;0.079857;0.000000;0.113011;0.179984;0.000000;0.336089;0.000000;0.271961;0.019098
1995-12;0.000000;0.000000;0.194618;0.003996;0.106551;0.198723;0.321372;0.000000;0.174740;0.000000
1996-01;0.073874;0.300625;0.005611;0.033273;0.009700;0.000000;0.176917;0.000000;0.400000;0.000000
1996-02;0.071044;0.000000;0.000000;0.273287;0.126978;0.257397;0.000000;0.000000;0.039336;0.231957
1996-03;0.000000;0.400000;0.000000;0.000000;0.006845;0.000000;0.308407;0.284748;0.000000;0.000000
1996-04;0.000000;0.014046;0.000000;0.008169;0.007481;0.400000;0.400000;0.000000;0.000000;0.170304
1996-05;0.119103;0.000000;0.046566;0.326997;0.087383;0.000000;0.000000;0.000000;0.019951;0.400000
1996-06;0.011379;0.389222;0.041793;0.092405;0.000000;0.000000;0.032592;0.289760;0.027587;0.115262
1996-07;0.077009;0.000000;0.000000;0.226025;0.000000;0.321558;0.000000;0.000000;0.265794;0.109613
1996-08;0.011630;0.160697;0.000000;0.009958;0.365068;0.046916;0.166937;0.174462;0.064333;0.000000
1996-09;0.000000;0.000000;0.048724;0.095615;0.112831;0.167688;0.268991;0.158115;0.043486;0.104550
1996-10;0.089902;0.000000;0.059410;0.049748;0.102892;0.101966;0.116906;0.116859;0.127467;0.234851
1996-11;0.000000;0.295036;0.000000;0.325319;0.007814;0.000000;0.000000;0.000000;0.207767;0.164064
1996-12;0.000000;0.400000;0.000000;0.000000;0.200000;0.000000;0.400000;0.000000;0.000000;0.000000
1997-01;0.065878;0.028963;0.000000;0.040121;0.065038;0.400000;0.000000;0.400000;0.000000;0.000000
1997-02;0.214856;0.176440;0.209645;0.249113;0.072672;0.077274;0.000000;0.000000;0.000000;0.000000
1997-03;0.000000;0.201368;0.259435;0.000000;0.011863;0.000000;0.127335;0.000000;0.400000;0.000000
1997-04;0.000000;0.097082;0.000000;0.000000;0.135287;0.000000;0.367631;0.400000;0.000000;0.000000
1997-05;0.031270;0.000000;0.098239;0.142161;0.093677;0.180557;0.077923;0.116765;0.081017;0.178391
1997-06;0.000000;0.019315;0.037459;0.064277;0.098406;0.106130;0.122562;0.041954;0.139979;0.369918
1997-07;0.339448;0.200556;0.162121;0.148855;0.097947;0.000000;0.032650;0.000000;0.018423;0.000000
1997-08;0.000000;0.258401;0.000000;0.000000;0.244569;0.038707;0.155380;0.000000;0.210742;0.092200
1997-09;0.000000;0.400000;0.000000;0.000000;0.000000;0.022929;0.199981;0.128264;0.188008;0.060818
1997-10;0.197001;0.000000;0.125588;0.000000;0.094011;0.000000;0.223071;0.346333;0.000000;0.013996
1997-11;0.032817;0.031343;0.029388;0.000000;0.044575;0.000000;0.400000;0.000000;0.400000;0.061878
1997-12;0.000000;0.137154;0.000000;0.400000;0.000000;0.073461;0.104481;0.000000;0.220821;0.064084
1998-01;0.240632;0.000000;0.000000;0.000000;0.400000;0.053900;0.051282;0.203719;0.050468;0.000000
1998-02;0.000000;0.004241;0.006273;0.114724;0.143365;0.189811;0.161414;0.059534;0.167368;0.153270
1998-03;0.131691;0.180993;0.137386;0.156999;0.129628;0.127502;0.000000;0.000000;0.000000;0.135800
1998-04;0.049166;0.050054;0.000000;0.030349;0.038834;0.163098;0.289976;0.000000;0.246938;0.131585
1998-05;0.000000;0.400000;0.000000;0.186059;0.000000;0.000000;0.137885;0.276057;0.000000;0.000000
1998-06;0.020091;0.035404;0.020689;0.013395;0.038763;0.106760;0.400000;0.000000;0.000000;0.364898
1998-07;0.035669;0.068940;0.000000;0.400000;0.000000;0.000000;0.000000;0.277046;0.218344;0.000000
1998-08;0.136131;0.000000;0.163158;0.000000;0.288240;0.000000;0.000000;0.000000;0.400000;0.012471
1998-09;0.000000;0.081377;0.105799;0.220666;0.134719;0.133261;0.161687;0.000000;0.035188;0.127303
1998-10;0.000000;0.000000;0.017734;0.080693;0.112785;0.134876;0.154766;0.163378;0.151914;0.183854
1998-11;0.062625;0.052507;0.074537;0.087248;0.085926;0.102547;0.077520;0.104299;0.124739;0.228053
1998-12;0.116174;0.256440;0.144703;0.164672;0.202678;0.000000;0.047764;0.000000;0.000000;0.067568
1999-01;0.007399;0.013546;0.040062;0.029273;0.074847;0.000000;0.344876;0.000000;0.400000;0.089998
1999-02;0.039152;0.099907;0.000000;0.000000;0.083192;0.267438;0.000000;0.229042;0.000000;0.281269
1999-03;0.226877;0.125896;0.251732;0.102534;0.042166;0.022418;0.000000;0.000000;0.090915;0.137463
1999-04;0.000000;0.200000;0.000000;0.000000;0.000000;0.000000;0.400000;0.400000;0.000000;0.000000
1999-05;0.164194;0.000000;0.096204;0.106719;0.058884;0.028615;0.000000;0.054328;0.091056;0.400000
1999-06;0.123372;0.095022;0.091906;0.094267;0.109799;0.076335;0.036883;0.129976;0.062126;0.180315
1999-07;0.053692;0.040241;0.029294;0.074344;0.060955;0.121854;0.276761;0.194531;0.119289;0.029040
1999-08;0.130123;0.036594;0.139755;0.063890;0.085661;0.028434;0.001286;0.067008;0.169089;0.278160
1999-09;0.093274;0.059966;0.145169;0.100824;0.079152;0.170190;0.175063;0.000000;0.110508;0.065853
1999-10;0.029915;0.192757;0.223317;0.000000;0.017066;0.000000;0.000000;0.107355;0.400000;0.029589
1999-11;0.081134;0.000000;0.248778;0.000000;0.167482;0.397875;0.070617;0.025968;0.000000;0.008146
1999-12;0.000000;0.000000;0.000000;0.400000;0.300329;0.000000;0.119299;0.057742;0.070788;0.051842
2000-01;0.211914;0.197182;0.195225;0.123989;0.115601;0.116634;0.011800;0.027656;0.000000;0.000000
2000-02;0.000000;0.009048;0.340311;0.067865;0.003920;0.000000;0.302491;0.276365;0.000000;0.000000
2000-03;0.000000;0.145813;0.190802;0.115804;0.021008;0.140950;0.000000;0.023480;0.148936;0.213209
2000-04;0.190131;0.086263;0.212584;0.050157;0.000000;0.047438;0.126451;0.276066;0.010911;0.000000
2000-05;0.000000;0.274258;0.000000;0.172295;0.133055;0.000000;0.400000;0.000000;0.000000;0.020391
2000-06;0.133804;0.144694;0.000000;0.000000;0.400000;0.089718;0.231784;0.000000;0.000000;0.000000
2000-07;0.000000;0.000000;0.000000;0.047930;0.152104;0.111785;0.126684;0.259286;0.193217;0.108995
2000-08;0.144576;0.088421;0.180375;0.040608;0.000000;0.011726;0.000000;0.033704;0.100589;0.400000
2000-09;0.000000;0.148632;0.000000;0.201148;0.264216;0.164950;0.176213;0.044842;0.000000;0.000000
2000-10;0.038466;0.000000;0.000000;0.000056;0.045023;0.008415;0.131156;0.376884;0.400000;0.000000
2000-11;0.078599;0.109111;0.110349;0.205333;0.140700;0.144666;0.088512;0.122729;0.000000;0.000000
2000-12;0.072298;0.000000;0.000000;0.000000;0.000000;0.021475;0.050473;0.356632;0.236347;0.262775
2001-01;0.015400;0.157053;0.000000;0.148242;0.093912;0.111839;0.145858;0.154787;0.131297;0.041612
2001-02;0.089159;0.035595;0.003873;0.097172;0.119504;0.085176;0.134281;0.166273;0.224487;0.044481
2001-03;0.078374;0.196905;0.185637;0.122232;0.000000;0.064389;0.000000;0.073361;0.000000;0.279104
2001-04;0.000000;0.031343;0.000000;0.009003;0.288018;0.006886;0.350147;0.210167;0.104435;0.000000
2001-05;0.000000;0.012655;0.001563;0.054900;0.115594;0.144518;0.111596;0.206316;0.218429;0.134428
2001-06;0.213750;0.106778;0.188269;0.094915;0.037418;0.081404;0.016585;0.127558;0.070108;0.063214
2001-07;0.000000;0.000000;0.200000;0.000000;0.400000;0.000000;0.400000;0.000000;0.000000;0.000000
2001-08;0.167182;0.400000;0.000000;0.092677;0.072909;0.031909;0.068125;0.063310;0.055736;0.048152
2001-09;0.000000;0.000000;0.114322;0.105955;0.096788;0.099612;0.143074;0.176214;0.148079;0.115956
2001-10;0.100591;0.076732;0.102741;0.101460;0.157530;0.155430;0.081710;0.114817;0.108989;0.000000
2001-11;0.000000;0.072948;0.126358;0.181490;0.116472;0.145155;0.320113;0.000000;0.037466;0.000000
2001-12;0.165395;0.098004;0.128047;0.096696;0.067708;0.103813;0.067896;0.112349;0.126111;0.033981
2002-01;0.400000;0.213873;0.000000;0.075746;0.023779;0.000000;0.000000;0.156023;0.028682;0.101898
2002-02;0.000000;0.275869;0.000000;0.000000;0.203319;0.086651;0.400000;0.034162;0.000000;0.000000
2002-03;0.000000;0.088244;0.130977;0.054940;0.095260;0.000232;0.148330;0.000000;0.400000;0.082016
2002-04;0.137804;0.000000;0.112061;0.036180;0.047824;0.133772;0.007492;0.211069;0.103949;0.209849
2002-05;0.165946;0.161421;0.132851;0.222053;0.079821;0.065223;0.000000;0.079135;0.093549;0.000000
2002-06;0.400000;0.000000;0.310702;0.103889;0.038196;0.002900;0.081071;0.038200;0.009965;0.015077
2002-07;0.000000;0.110864;0.019262;0.034233;0.000000;0.115299;0.168571;0.133595;0.184472;0.233704
2002-08;0.036104;0.027789;0.121884;0.142885;0.137423;0.179012;0.066040;0.111853;0.146276;0.030735
2002-09;0.000000;0.058024;0.120983;0.111191;0.097882;0.185200;0.178957;0.136309;0.076945;0.034509
2002-10;0.082284;0.089861;0.122080;0.151062;0.144169;0.145793;0.139003;0.004002;0.119342;0.002405
2002-11;0.000000;0.122243;0.169845;0.201601;0.140638;0.096297;0.136762;0.091292;0.041322;0.000000
2002-12;0.113901;0.092574;0.111143;0.060459;0.081606;0.160822;0.081232;0.120366;0.102544;0.075352
2003-01;0.075381;0.077497;0.143400;0.178650;0.159442;0.060694;0.155780;0.149157;0.000000;0.000000
2003-02;0.000000;0.000000;0.400000;0.200000;0.400000;0.000000;0.000000;0.000000;0.000000;0.000000
2003-03;0.041400;0.045854;0.105593;0.042004;0.000000;0.000000;0.025762;0.400000;0.172354;0.167032
2003-04;0.000000;0.000000;0.400000;0.400000;0.000000;0.010942;0.000000;0.082585;0.057879;0.048594
2003-05;0.400000;0.125049;0.171300;0.058563;0.065584;0.115179;0.000000;0.000000;0.064325;0.000000
2003-06;0.053247;0.152043;0.085675;0.172254;0.301336;0.000000;0.235445;0.000000;0.000000;0.000000
2003-07;0.110016;0.000000;0.070211;0.000000;0.091226;0.000000;0.199575;0.152465;0.252459;0.124048
2003-08;0.142597;0.135859;0.227880;0.129384;0.116838;0.213610;0.023181;0.010651;0.000000;0.000000
2003-09;0.014041;0.000000;0.400000;0.000000;0.000000;0.112969;0.000000;0.345488;0.127502;0.000000
2003-10;0.191911;0.000000;0.001230;0.000000;0.289415;0.000000;0.142575;0.000000;0.374869;0.000000
2003-11;0.000000;0.217038;0.234442;0.278074;0.000000;0.056798;0.155609;0.024813;0.011088;0.022137
2003-12;0.193568;0.000000;0.021271;0.091768;0.040372;0.098787;0.135405;0.148350;0.193053;0.077425
2004-01;0.204739;0.091813;0.015707;0.096814;0.143664;0.091295;0.173691;0.000000;0.012710;0.169567
2004-02;0.108841;0.038211;0.032427;0.168005;0.114399;0.000000;0.000000;0.000000;0.400000;0.138117
2004-03;0.000000;0.385913;0.000000;0.000000;0.068932;0.000000;0.252543;0.000000;0.292612;0.000000
2004-04;0.000000;0.356480;0.293399;0.000000;0.000000;0.000000;0.214220;0.000000;0.000000;0.135901
2004-05;0.043396;0.156983;0.000000;0.175784;0.000000;0.267083;0.000000;0.270504;0.047259;0.038991
2004-06;0.000000;0.400000;0.106942;0.000000;0.000000;0.044350;0.174320;0.098284;0.106178;0.069926
2004-07;0.145163;0.037432;0.049653;0.102307;0.000000;0.166062;0.091105;0.118486;0.283704;0.006089
2004-08;0.300022;0.088139;0.018532;0.184733;0.108066;0.211967;0.062912;0.000000;0.025629;0.000000
2004-09;0.000000;0.392608;0.000000;0.069550;0.169055;0.196923;0.078331;0.000000;0.041402;0.052132
2004-10;0.078520;0.023045;0.044534;0.073041;0.046173;0.192101;0.035502;0.107085;0.400000;0.000000
2004-11;0.263895;0.000000;0.000000;0.202655;0.000000;0.003284;0.090569;0.039597;0.400000;0.000000
2004-12;0.119256;0.142597;0.000000;0.000000;0.400000;0.000000;0.244702;0.000000;0.033175;0.060271
2005-01;0.077896;0.049135;0.000000;0.000000;0.400000;0.000000;0.332497;0.000000;0.140472;0.000000
2005-02;0.000000;0.000000;0.096355;0.153510;0.000000;0.129863;0.252937;0.115726;0.251609;0.000000
2005-03;0.028094;0.085789;0.045334;0.041550;0.000000;0.000000;0.399234;0.000000;0.400000;0.000000
2005-04;0.118579;0.000000;0.000000;0.101949;0.272994;0.000000;0.252856;0.000000;0.245045;0.008578
2005-05;0.000000;0.167479;0.000000;0.000000;0.215734;0.000000;0.400000;0.000000;0.215389;0.001399
2005-06;0.004427;0.142598;0.076676;0.151447;0.114050;0.143507;0.185620;0.000000;0.181675;0.000000
2005-07;0.099977;0.000000;0.050655;0.089984;0.076804;0.108905;0.194141;0.141584;0.203527;0.034423
2005-08;0.166005;0.225366;0.038372;0.000000;0.077242;0.000000;0.093015;0.000000;0.400000;0.000000
2005-09;0.039778;0.037780;0.022363;0.000000;0.000000;0.296596;0.400000;0.000000;0.162132;0.041352
2005-10;0.055605;0.000000;0.000000;0.000000;0.397287;0.000000;0.400000;0.147107;0.000000;0.000000
2005-11;0.289359;0.000000;0.061078;0.051204;0.000000;0.000000;0.000000;0.198360;0.400000;0.000000
2005-12;0.118109;0.000000;0.000000;0.384796;0.000000;0.400000;0.000000;0.054031;0.000000;0.043063
2006-01;0.370621;0.000000;0.000000;0.349913;0.021227;0.014655;0.019142;0.015849;0.208592;0.000000
2006-02;0.000000;0.063530;0.008470;0.159131;0.085665;0.000000;0.246061;0.084151;0.352992;0.000000
2006-03;0.216616;0.066171;0.115629;0.132411;0.167237;0.076908;0.104245;0.000000;0.120783;0.000000
2006-04;0.000000;0.057168;0.042229;0.023892;0.027185;0.000000;0.400000;0.000000;0.087767;0.361758
2006-05;0.222725;0.000000;0.086326;0.000000;0.240968;0.016616;0.000000;0.159626;0.273739;0.000000
2006-06;0.070238;0.080674;0.000000;0.236570;0.139546;0.000000;0.308264;0.000000;0.164708;0.000000
2006-07;0.090464;0.049098;0.000000;0.292309;0.000000;0.041040;0.127428;0.399661;0.000000;0.000000
2006-08;0.000000;0.065730;0.000000;0.115124;0.084850;0.140631;0.125218;0.000000;0.400000;0.068448
2006-09;0.000000;0.095183;0.055325;0.159319;0.118477;0.170378;0.000000;0.039061;0.362256;0.000000
2006-10;0.153866;0.174697;0.158980;0.117469;0.082154;0.198713;0.114121;0.000000;0.000000;0.000000
2006-11;0.068568;0.025279;0.000000;0.121713;0.047219;0.229114;0.400000;0.000000;0.085567;0.022539
2006-12;0.062376;0.018164;0.130440;0.031452;0.015278;0.000000;0.000000;0.400000;0.294549;0.047741
2007-01;0.220446;0.000000;0.000000;0.000000;0.400000;0.000000;0.321414;0.058140;0.000000;0.000000
2007-02;0.010509;0.000000;0.400000;0.000000;0.000000;0.000000;0.387162;0.000000;0.153713;0.048615
2007-03;0.268382;0.000000;0.000000;0.000000;0.252427;0.000000;0.067439;0.011753;0.400000;0.000000
2007-04;0.222396;0.000000;0.000000;0.000000;0.400000;0.000000;0.172968;0.053305;0.151330;0.000000
2007-05;0.084404;0.106694;0.120882;0.000000;0.131268;0.000000;0.134429;0.000000;0.196433;0.225891
2007-06;0.136821;0.008405;0.000000;0.117619;0.400000;0.000000;0.044931;0.000000;0.292224;0.000000
2007-07;0.333238;0.046749;0.041991;0.000000;0.203804;0.081455;0.203148;0.000000;0.000000;0.089616
2007-08;0.025327;0.000841;0.017149;0.000000;0.019721;0.400000;0.367132;0.000000;0.000000;0.169831
2007-09;0.054936;0.000000;0.027612;0.291569;0.000000;0.000000;0.000000;0.141512;0.400000;0.084370
2007-10;0.044640;0.007754;0.006955;0.043834;0.042610;0.398020;0.000000;0.400000;0.047903;0.008284
2007-11;0.000000;0.150750;0.000000;0.000000;0.127373;0.065008;0.369481;0.000000;0.287388;0.000000
2007-12;0.289848;0.056206;0.000000;0.000000;0.160595;0.073506;0.165880;0.000000;0.000000;0.253964
2008-01;0.000000;0.000000;0.000000;0.028352;0.199173;0.119051;0.131142;0.127417;0.219421;0.175444
2008-02;0.058630;0.000000;0.049488;0.061492;0.000000;0.157686;0.000000;0.086622;0.368739;0.217343
2008-03;0.000000;0.058464;0.053508;0.000000;0.347666;0.000000;0.400000;0.000000;0.000000;0.140362
2008-04;0.088468;0.031468;0.000000;0.000000;0.000000;0.177238;0.262511;0.132636;0.188806;0.118873
2008-05;0.075099;0.072007;0.027100;0.230519;0.106815;0.057900;0.000000;0.101906;0.110054;0.218599
2008-06;0.173143;0.000000;0.000000;0.000000;0.226321;0.123242;0.242471;0.052476;0.182347;0.000000
2008-07;0.216287;0.041588;0.176559;0.077399;0.131297;0.063766;0.257387;0.035718;0.000000;0.000000
2008-08;0.073011;0.000000;0.370801;0.000000;0.139355;0.000000;0.121199;0.000000;0.081912;0.213723
2008-09;0.122224;0.012864;0.046523;0.088735;0.008107;0.245075;0.000000;0.052365;0.265019;0.159088
2008-10;0.316592;0.000000;0.147259;0.278619;0.080991;0.000000;0.000000;0.163320;0.013219;0.000000
2008-11;0.000000;0.000000;0.000000;0.016446;0.269113;0.338405;0.376036;0.000000;0.000000;0.000000
2008-12;0.000000;0.000000;0.084121;0.076386;0.111422;0.214346;0.036482;0.149732;0.115606;0.211906
2009-01;0.036695;0.002540;0.095956;0.113227;0.105821;0.167990;0.115958;0.141775;0.120820;0.099218
2009-02;0.146018;0.149975;0.157421;0.181074;0.143287;0.142300;0.065365;0.014560;0.000000;0.000000
2009-03;0.000000;0.244667;0.224411;0.165685;0.116412;0.000000;0.248826;0.000000;0.000000;0.000000
2009-04;0.030837;0.038536;0.121121;0.112521;0.113537;0.189482;0.076780;0.149775;0.076709;0.090701
2009-05;0.094485;0.072281;0.158297;0.180212;0.139932;0.150913;0.071478;0.074947;0.057456;0.000000
2009-06;0.338699;0.205693;0.234030;0.000000;0.221578;0.000000;0.000000;0.000000;0.000000;0.000000
2009-07;0.000000;0.361850;0.270193;0.000000;0.146822;0.000000;0.221135;0.000000;0.000000;0.000000
2009-08;0.000000;0.000000;0.037014;0.000000;0.045780;0.125245;0.112636;0.190664;0.206302;0.282359
2009-09;0.183234;0.044768;0.140814;0.100142;0.056513;0.140610;0.000000;0.164250;0.169670;0.000000
2009-10;0.267156;0.033965;0.150734;0.000000;0.105011;0.000000;0.333833;0.109301;0.000000;0.000000
2009-11;0.138220;0.233473;0.000000;0.000000;0.058055;0.078400;0.213977;0.000000;0.115356;0.162521
2009-12;0.018497;0.023904;0.091206;0.111546;0.083915;0.133416;0.060064;0.059609;0.188356;0.229487
2010-01;0.081681;0.080727;0.088108;0.119563;0.115183;0.151741;0.124133;0.078697;0.119599;0.040568
2010-02;0.200503;0.177310;0.155979;0.195216;0.131959;0.139033;0.000000;0.000000;0.000000;0.000000
2010-03;0.000000;0.266229;0.000000;0.037802;0.002731;0.000000;0.183758;0.000000;0.272446;0.237033
2010-04;0.000000;0.023771;0.016592;0.004529;0.059433;0.110721;0.023525;0.232064;0.194875;0.334491
2010-05;0.351215;0.000000;0.381218;0.034751;0.000000;0.075486;0.000000;0.054388;0.000000;0.102941
2010-06;0.180859;0.274550;0.204907;0.000000;0.018501;0.000000;0.321183;0.000000;0.000000;0.000000
2010-07;0.000000;0.000000;0.000000;0.146516;0.000000;0.400000;0.004377;0.400000;0.007290;0.041817
2010-08;0.000000;0.000000;0.025965;0.071649;0.000000;0.114700;0.089686;0.183738;0.244669;0.269592
2010-09;0.117030;0.146623;0.169195;0.183871;0.136174;0.178214;0.000194;0.068699;0.000000;0.000000
2010-10;0.000000;0.039002;0.000000;0.274205;0.248137;0.000000;0.400000;0.038656;0.000000;0.000000
2010-11;0.140254;0.126894;0.138027;0.066585;0.090235;0.094060;0.043492;0.000000;0.109705;0.190747
2010-12;0.000000;0.119447;0.218026;0.235343;0.129148;0.141952;0.000000;0.156084;0.000000;0.000000
2011-01;0.246398;0.123606;0.116615;0.000000;0.000000;0.000000;0.159517;0.347288;0.006575;0.000000
2011-02;0.000000;0.174095;0.000000;0.000000;0.254302;0.000000;0.239150;0.000000;0.191975;0.140478
2011-03;0.000000;0.120255;0.400000;0.000000;0.000000;0.000000;0.000000;0.400000;0.035095;0.044650
2011-04;0.258845;0.174532;0.065480;0.125612;0.005354;0.155625;0.000000;0.104955;0.109598;0.000000
2011-05;0.165392;0.000000;0.277347;0.060248;0.055842;0.067355;0.054979;0.108264;0.084823;0.125750
2011-06;0.128644;0.093926;0.091883;0.063493;0.035929;0.089283;0.000000;0.000000;0.178664;0.318179
2011-07;0.099920;0.069711;0.133089;0.113605;0.099877;0.283021;0.000000;0.200777;0.000000;0.000000
2011-08;0.000000;0.035585;0.204972;0.001011;0.000000;0.000000;0.050590;0.336056;0.218789;0.152995
2011-09;0.108035;0.141427;0.163579;0.164510;0.026477;0.193814;0.000000;0.000000;0.000000;0.202158
2011-10;0.000000;0.000000;0.146741;0.000000;0.000000;0.137107;0.028143;0.310347;0.282867;0.094795
2011-11;0.011684;0.043706;0.157309;0.191765;0.129746;0.215686;0.087710;0.100561;0.037458;0.024374
2011-12;0.167086;0.083717;0.126489;0.138447;0.123536;0.143012;0.138906;0.049697;0.010792;0.018319
2012-01;0.003034;0.265737;0.048398;0.281295;0.197903;0.000000;0.203634;0.000000;0.000000;0.000000
2012-02;0.106517;0.143998;0.000000;0.000000;0.153754;0.000000;0.000000;0.000000;0.195731;0.400000
2012-03;0.000000;0.000000;0.000000;0.000000;0.000000;0.000000;0.000000;0.200000;0.400000;0.400000
2012-04;0.098673;0.057668;0.037969;0.046269;0.053767;0.000000;0.000000;0.068042;0.371094;0.266519
2012-05;0.010942;0.170796;0.400000;0.000000;0.000000;0.068367;0.306015;0.000000;0.023210;0.020670
2012-06;0.000000;0.000000;0.400000;0.024375;0.053268;0.034934;0.048665;0.110105;0.114774;0.213878
2012-07;0.093272;0.099803;0.147199;0.134779;0.075017;0.155577;0.015657;0.050589;0.063705;0.164402
2012-08;0.067046;0.091330;0.137008;0.172772;0.150826;0.210894;0.020569;0.000000;0.086823;0.062731
2012-09;0.000000;0.248035;0.400000;0.000000;0.000000;0.000000;0.088052;0.000000;0.000000;0.263913
2012-10;0.148832;0.147199;0.151780;0.174242;0.148853;0.144396;0.066665;0.018033;0.000000;0.000000
2012-11;0.000000;0.000000;0.000000;0.176146;0.000000;0.147458;0.026848;0.141228;0.108319;0.400000
2012-12;0.400000;0.039591;0.020698;0.000000;0.194633;0.063144;0.049275;0.154203;0.025901;0.052555
2013-01;0.021999;0.009556;0.400000;0.000000;0.000000;0.172079;0.022004;0.000000;0.374362;0.000000
2013-02;0.270586;0.000000;0.000000;0.400000;0.155585;0.000000;0.000000;0.079037;0.000000;0.094792
2013-03;0.124754;0.239182;0.000000;0.106178;0.000000;0.000000;0.223245;0.078634;0.101324;0.126683
2013-04;0.000000;0.053806;0.000000;0.348226;0.400000;0.078611;0.038502;0.010421;0.031778;0.038656
2013-05;0.031111;0.000000;0.400000;0.000000;0.000000;0.048177;0.024335;0.000000;0.325409;0.170968
2013-06;0.096974;0.017012;0.080785;0.000000;0.000000;0.385851;0.000000;0.000000;0.225932;0.193447
2013-07;0.085715;0.061244;0.000000;0.000000;0.211647;0.058198;0.400000;0.000000;0.000000;0.183196
2013-08;0.016962;0.214132;0.000000;0.096754;0.168849;0.180392;0.000000;0.000000;0.268123;0.054789
2013-09;0.343101;0.011731;0.000000;0.000000;0.000000;0.068904;0.063034;0.113231;0.000000;0.400000
2013-10;0.024553;0.000000;0.075029;0.175136;0.170902;0.250983;0.165227;0.069937;0.000000;0.068232
2013-11;0.099734;0.000000;0.057832;0.006023;0.000000;0.131259;0.108328;0.000000;0.400000;0.196824
2013-12;0.000000;0.323064;0.000000;0.154426;0.000000;0.000000;0.253597;0.000000;0.032045;0.236868
2014-01;0.240514;0.042144;0.000000;0.325288;0.000000;0.166360;0.000000;0.000000;0.197345;0.028349
2014-02;0.000000;0.400000;0.000000;0.023766;0.000000;0.000000;0.400000;0.000000;0.044326;0.131909
2014-03;0.000000;0.000000;0.167543;0.036093;0.069331;0.110303;0.000000;0.052214;0.207098;0.357417
2014-04;0.157438;0.116402;0.080673;0.063506;0.000000;0.000000;0.000000;0.088989;0.252153;0.240838
2014-05;0.000000;0.000000;0.000000;0.269569;0.248960;0.291140;0.036265;0.000000;0.000000;0.154067
2014-06;0.000000;0.391935;0.000000;0.000141;0.000000;0.007867;0.228436;0.000000;0.344770;0.026851
2014-07;0.007457;0.000000;0.014842;0.034687;0.036121;0.116447;0.000000;0.390446;0.000000;0.400000
2014-08;0.212607;0.125350;0.108034;0.141074;0.052778;0.000000;0.160137;0.000000;0.000000;0.200019
2014-09;0.000000;0.070107;0.077517;0.043927;0.018439;0.331412;0.000000;0.000000;0.400000;0.058598
2014-10;0.029587;0.000000;0.000000;0.000000;0.000000;0.070265;0.055357;0.125901;0.323904;0.394986
2014-11;0.000000;0.128015;0.102138;0.241004;0.053184;0.102266;0.000000;0.000000;0.007103;0.366290
2014-12;0.098342;0.040966;0.049447;0.047024;0.043490;0.098639;0.000000;0.207050;0.230279;0.184762
2015-01;0.000000;0.331149;0.000000;0.034640;0.145415;0.000000;0.148001;0.064506;0.135790;0.140499
2015-02;0.400000;0.000000;0.000000;0.085520;0.053618;0.000000;0.000000;0.048048;0.012814;0.400000
2015-03;0.000000;0.000000;0.001367;0.082782;0.000000;0.144778;0.148698;0.306188;0.068671;0.247517
2015-04;0.227932;0.000000;0.000000;0.000000;0.044738;0.000000;0.078538;0.139826;0.108966;0.400000
2015-05;0.223330;0.348382;0.181513;0.246775;0.000000;0.000000;0.000000;0.000000;0.000000;0.000000
2015-06;0.060305;0.015002;0.000000;0.042545;0.000000;0.399610;0.110427;0.000000;0.260482;0.111629
2015-07;0.023246;0.008657;0.022733;0.023666;0.017523;0.061403;0.000000;0.400000;0.215080;0.227692
2015-08;0.273390;0.056078;0.160034;0.194253;0.166947;0.149299;0.000000;0.000000;0.000000;0.000000
2015-09;0.016477;0.042767;0.393793;0.000000;0.000000;0.000000;0.110349;0.349663;0.041569;0.045383
2015-10;0.000000;0.000000;0.400000;0.199402;0.021546;0.163721;0.000000;0.109715;0.100173;0.005441
2015-11;0.000000;0.000000;0.098325;0.106368;0.100035;0.130163;0.177103;0.089113;0.126817;0.172075
2015-12;0.185296;0.127668;0.160151;0.206697;0.115134;0.168080;0.000000;0.000000;0.000000;0.036974
2016-01;0.400000;0.000000;0.281627;0.152006;0.134583;0.031784;0.000000;0.000000;0.000000;0.000000
2016-02;0.000000;0.025592;0.110186;0.073430;0.000000;0.142556;0.000000;0.000000;0.248236;0.400000
2016-03;0.000000;0.000000;0.069001;0.004453;0.000903;0.191282;0.000000;0.119376;0.214985;0.400000
2016-04;0.154621;0.000000;0.169956;0.171474;0.099645;0.098891;0.182875;0.074920;0.047619;0.000000
2016-05;0.081592;0.253446;0.255405;0.000000;0.056262;0.000000;0.220527;0.049463;0.053649;0.029657
2016-06;0.051528;0.400000;0.000000;0.229515;0.061613;0.062768;0.077512;0.033620;0.032553;0.050891
2016-07;0.000000;0.000000;0.000000;0.007808;0.000000;0.098239;0.116869;0.226299;0.269584;0.281202
2016-08;0.163611;0.081886;0.148813;0.118105;0.118147;0.098537;0.000000;0.000000;0.270901;0.000000
2016-09;0.032174;0.019386;0.032764;0.071450;0.006548;0.373074;0.000000;0.000000;0.400000;0.064603
2016-10;0.158599;0.000000;0.363653;0.000000;0.033659;0.032433;0.000000;0.400000;0.000000;0.011656
2016-11;0.144532;0.000000;0.043572;0.083774;0.000000;0.053694;0.009665;0.000000;0.362637;0.302127
2016-12;0.000000;0.000000;0.000000;0.078714;0.114717;0.174443;0.126650;0.240686;0.055948;0.208842
2017-01;0.178901;0.070572;0.099172;0.139535;0.187698;0.129396;0.194726;0.000000;0.000000;0.000000
2017-02;0.000000;0.000000;0.167955;0.000000;0.207050;0.148409;0.000000;0.000000;0.265729;0.210858
2017-03;0.000000;0.347715;0.000000;0.000000;0.000000;0.000000;0.222648;0.275282;0.154355;0.000000
2017-04;0.000000;0.303887;0.000000;0.275749;0.000000;0.055865;0.050984;0.179226;0.006835;0.127454
2017-05;0.087010;0.010691;0.188382;0.000000;0.000000;0.199770;0.000000;0.232924;0.281223;0.000000
2017-06;0.016243;0.051905;0.341677;0.182640;0.000000;0.007536;0.000000;0.000000;0.400000;0.000000
2017-07;0.000000;0.056130;0.071483;0.133366;0.000000;0.262864;0.000000;0.000000;0.357473;0.118685
2017-08;0.131722;0.097490;0.090003;0.148844;0.103757;0.146990;0.133500;0.000000;0.000000;0.147693
2017-09;0.036137;0.025433;0.046689;0.030478;0.041386;0.081249;0.041983;0.000000;0.296643;0.400000
2017-10;0.000000;0.000000;0.111571;0.000000;0.088429;0.000000;0.400000;0.000000;0.000000;0.400000
2017-11;0.129306;0.155245;0.215484;0.158996;0.114313;0.215086;0.011570;0.000000;0.000000;0.000000
2017-12;0.069504;0.251016;0.000000;0.000000;0.000000;0.000000;0.380859;0.082572;0.000000;0.216049
2018-01;0.059648;0.371313;0.000000;0.000000;0.000000;0.000000;0.121657;0.400000;0.000000;0.047381
2018-02;0.000000;0.294242;0.000000;0.041687;0.000000;0.000000;0.396830;0.000000;0.214611;0.052629
2018-03;0.081915;0.071738;0.054240;0.000000;0.000000;0.400000;0.000000;0.000000;0.000678;0.391429
2018-04;0.019506;0.032304;0.000000;0.400000;0.000000;0.060431;0.400000;0.000000;0.044880;0.042878
2018-05;0.065300;0.000000;0.361542;0.001137;0.003845;0.000000;0.065737;0.146615;0.283414;0.072410
2018-06;0.046053;0.055697;0.105469;0.078246;0.074319;0.131023;0.000000;0.030396;0.229542;0.249255
2018-07;0.130773;0.007484;0.290042;0.088846;0.076252;0.095641;0.227561;0.000000;0.000000;0.083401
2018-08;0.125309;0.173292;0.069837;0.000000;0.000000;0.375546;0.000000;0.224485;0.023206;0.008324
2018-09;0.318126;0.000000;0.000000;0.152638;0.000000;0.250603;0.000000;0.000000;0.207490;0.071143
2018-10;0.400000;0.174026;0.000000;0.000000;0.000000;0.400000;0.000000;0.000000;0.000000;0.025974
2018-11;0.000000;0.324953;0.146190;0.000000;0.000000;0.000000;0.000000;0.400000;0.128857;0.000000
2018-12;0.000000;0.280213;0.000000;0.031082;0.030604;0.400000;0.019139;0.079966;0.015400;0.143598
2019-01;0.058085;0.026463;0.051430;0.086226;0.088448;0.078712;0.158983;0.064825;0.147025;0.239802
2019-02;0.069550;0.156560;0.124663;0.252584;0.214934;0.096698;0.012746;0.072263;0.000000;0.000000
2019-03;0.105248;0.088282;0.102211;0.091910;0.120986;0.110388;0.170086;0.055792;0.093718;0.061379
2019-04;0.000000;0.141291;0.174687;0.169503;0.069285;0.000000;0.102379;0.000000;0.065264;0.277591
2019-05;0.241572;0.185837;0.138453;0.000000;0.000000;0.029674;0.000000;0.065660;0.000000;0.338804
2019-06;0.000000;0.000000;0.000000;0.000000;0.000000;0.400000;0.184535;0.000000;0.400000;0.015465
2019-07;0.000000;0.000000;0.152328;0.129616;0.050574;0.073396;0.000000;0.238974;0.184987;0.170125
2019-08;0.188241;0.130259;0.109903;0.119019;0.015259;0.081468;0.156702;0.040634;0.096410;0.062105
2019-09;0.000000;0.000000;0.000000;0.105050;0.216571;0.082790;0.194534;0.138847;0.091757;0.170451
2019-10;0.176232;0.137888;0.237641;0.025726;0.030781;0.094199;0.000000;0.000000;0.177427;0.120106
2019-11;0.035194;0.035793;0.052152;0.083116;0.092551;0.128758;0.078899;0.129010;0.153926;0.210599
2019-12;0.386528;0.094862;0.211293;0.000000;0.110821;0.000000;0.000000;0.000000;0.000000;0.196496
2020-01;0.069828;0.059664;0.400000;0.000000;0.000000;0.000000;0.000000;0.400000;0.070508;0.000000
2020-02;0.180036;0.000000;0.000000;0.400000;0.000000;0.084906;0.010668;0.000000;0.036395;0.287995
2020-03;0.000000;0.000000;0.151942;0.033218;0.000000;0.074901;0.007987;0.221633;0.110319;0.400000
2020-04;0.027023;0.000000;0.099965;0.095953;0.128361;0.186286;0.084206;0.160528;0.116420;0.101257
2020-05;0.000000;0.000000;0.200995;0.163939;0.038517;0.158351;0.000000;0.048847;0.086605;0.302747
2020-06;0.087165;0.074205;0.097910;0.122248;0.084977;0.104911;0.128473;0.087031;0.096924;0.116156
2020-07;0.000000;0.258999;0.186249;0.162398;0.193515;0.020861;0.110205;0.065901;0.000000;0.001872
2020-08;0.000000;0.275773;0.151536;0.000000;0.000000;0.000000;0.000000;0.000000;0.172691;0.400000
2020-09;0.000000;0.000000;0.200000;0.000000;0.000000;0.000000;0.000000;0.000000;0.400000;0.400000
2020-10;0.331746;0.105017;0.229633;0.153971;0.066754;0.112879;0.000000;0.000000;0.000000;0.000000
2020-11;0.113293;0.222424;0.126647;0.000000;0.000000;0.000000;0.222284;0.138745;0.176606;0.000000
2020-12;0.118479;0.000000;0.000000;0.000000;0.045436;0.041550;0.121158;0.138030;0.180378;0.354969
2021-01;0.109831;0.082266;0.070494;0.124893;0.103052;0.081751;0.038505;0.084414;0.068523;0.236271
2021-02;0.077290;0.122892;0.096342;0.116621;0.205896;0.168178;0.117011;0.095771;0.000000;0.000000
2021-03;0.000000;0.028372;0.000000;0.000000;0.000000;0.150650;0.192826;0.000000;0.228152;0.400000
2021-04;0.000000;0.271399;0.000000;0.000000;0.400000;0.000000;0.000000;0.151430;0.167753;0.009418
2021-05;0.000000;0.242090;0.000000;0.186241;0.081773;0.000000;0.132993;0.332235;0.000000;0.024668
2021-06;0.058628;0.275088;0.000000;0.000000;0.000000;0.000000;0.375593;0.000000;0.290691;0.000000
2021-07;0.000000;0.189980;0.000000;0.268422;0.400000;0.001974;0.000000;0.138989;0.000634;0.000000
2021-08;0.118154;0.220991;0.161619;0.150118;0.000000;0.129345;0.000000;0.000000;0.044655;0.175119
2021-09;0.066356;0.014703;0.149727;0.103163;0.077089;0.149009;0.000000;0.039953;0.400000;0.000000
2021-10;0.039586;0.058445;0.110257;0.095398;0.044552;0.119332;0.000000;0.000000;0.400000;0.132430
2021-11;0.200981;0.103575;0.147044;0.135446;0.017713;0.091474;0.016541;0.030556;0.000000;0.256671
2021-12;0.204233;0.329814;0.039210;0.000000;0.015054;0.022981;0.018374;0.074815;0.133240;0.162280
2022-01;0.000000;0.000000;0.400000;0.000000;0.000000;0.056089;0.000000;0.212394;0.145429;0.186088
2022-02;0.083150;0.000000;0.022329;0.000000;0.077528;0.000000;0.084127;0.040068;0.292798;0.400000
2022-03;0.000000;0.063411;0.000000;0.006123;0.250690;0.000000;0.052937;0.098073;0.128767;0.400000
2022-04;0.089635;0.000000;0.000000;0.036583;0.000000;0.087955;0.192140;0.204426;0.201583;0.187678
2022-05;0.150835;0.240420;0.099802;0.142884;0.000000;0.013653;0.000000;0.000000;0.154902;0.197504
2022-06;0.000000;0.000000;0.000000;0.042446;0.228350;0.100848;0.266372;0.233289;0.070527;0.058169
2022-07;0.000000;0.000000;0.000000;0.067569;0.105015;0.118117;0.156785;0.178777;0.197545;0.176192
2022-08;0.145132;0.004974;0.141212;0.178227;0.143023;0.162513;0.000000;0.079910;0.058440;0.086568
2022-09;0.274962;0.154663;0.184682;0.113884;0.040663;0.046481;0.133642;0.000000;0.051022;0.000000
2022-10;0.000000;0.000000;0.000000;0.167869;0.286455;0.154580;0.213968;0.152473;0.024656;0.000000
2022-11;0.000000;0.000000;0.057373;0.057382;0.131354;0.182346;0.219605;0.042407;0.166178;0.143355
2022-12;0.079451;0.019209;0.051582;0.084110;0.115867;0.125882;0.117666;0.118940;0.193329;0.093964
2023-01;0.400000;0.000000;0.000000;0.000000;0.400000;0.000000;0.200000;0.000000;0.000000;0.000000
2023-02;0.000000;0.291684;0.000000;0.131279;0.094385;0.130702;0.351950;0.000000;0.000000;0.000000
2023-03;0.059050;0.000000;0.014964;0.060624;0.044078;0.074138;0.102004;0.147155;0.238487;0.259500
2023-04;0.229371;0.142922;0.239570;0.152757;0.212390;0.017672;0.005316;0.000000;0.000000;0.000000
2023-05;0.065838;0.091074;0.182821;0.158084;0.040423;0.342597;0.000000;0.000000;0.086335;0.032827
2023-06;0.000000;0.031443;0.289268;0.000000;0.400000;0.000000;0.088431;0.000000;0.087175;0.103683
2023-07;0.268781;0.192201;0.202369;0.200515;0.000000;0.136134;0.000000;0.000000;0.000000;0.000000
2023-08;0.172767;0.000000;0.000000;0.033655;0.097495;0.139556;0.255852;0.163199;0.137476;0.000000
2023-09;0.000000;0.000000;0.135820;0.000000;0.393490;0.131385;0.320333;0.018973;0.000000;0.000000
2023-10;0.118659;0.083785;0.148615;0.128113;0.011779;0.123094;0.014431;0.000000;0.000000;0.371524
2023-11;0.000000;0.000000;0.000000;0.000000;0.000000;0.150033;0.036067;0.253819;0.326659;0.233423
2023-12;0.000000;0.072642;0.174885;0.190849;0.109072;0.000000;0.000000;0.000000;0.052551;0.400000
2024-01;0.195628;0.128159;0.124455;0.167789;0.113324;0.047861;0.058712;0.002252;0.000000;0.161820
2024-02;0.000000;0.073812;0.000000;0.096818;0.396641;0.000000;0.329355;0.103374;0.000000;0.000000
2024-03;0.066667;0.066667;0.066667;0.066667;0.066667;0.066667;0.066667;0.066667;0.066667;0.400000
2024-04;0.057039;0.003530;0.079593;0.020672;0.010170;0.132478;0.134479;0.183942;0.378097;0.000000
2024-05;0.000000;0.000000;0.000000;0.269479;0.090568;0.206723;0.180147;0.120130;0.000000;0.132952
2024-06;0.215358;0.100302;0.000000;0.000000;0.199266;0.000000;0.289201;0.000000;0.043257;0.152616
2024-07;0.182439;0.000000;0.000000;0.099061;0.073188;0.120118;0.018405;0.000000;0.106789;0.400000
2024-08;0.067132;0.039066;0.223810;0.184772;0.084529;0.154965;0.000000;0.000000;0.000000;0.245727
2024-09;0.138302;0.116506;0.095835;0.123700;0.124081;0.140370;0.136295;0.097691;0.027220;0.000000
2024-10;0.000000;0.000000;0.400000;0.000000;0.069935;0.000000;0.130065;0.000000;0.000000;0.400000
2024-11;0.140374;0.120353;0.240015;0.000000;0.000000;0.029957;0.000000;0.064154;0.117070;0.288077
2024-12;0.025805;0.078710;0.021305;0.141843;0.092155;0.178626;0.189271;0.192284;0.080001;0.000000
2025-01;0.400000;0.000000;0.000000;0.000000;0.042528;0.000000;0.055622;0.017937;0.083913;0.400000
2025-02;0.000000;0.320221;0.183813;0.170238;0.000000;0.077339;0.000000;0.000000;0.000000;0.248388
2025-03;0.000000;0.000000;0.000000;0.000000;0.099895;0.123090;0.167745;0.209111;0.303721;0.096439
2025-04;0.000000;0.118023;0.000000;0.162384;0.196773;0.032222;0.000000;0.090598;0.000000;0.400000
2025-05;0.057568;0.070115;0.000000;0.000000;0.133353;0.000000;0.079687;0.157756;0.101521;0.400000
2025-06;0.002111;0.037354;0.128996;0.135309;0.000000;0.095128;0.164656;0.000000;0.274590;0.161857
2025-07;0.198884;0.224658;0.249978;0.220759;0.053065;0.026815;0.000000;0.025841;0.000000;0.000000
2025-08;0.016265;0.161032;0.209739;0.326565;0.160288;0.000000;0.000000;0.000000;0.000000;0.126111