month  ;gross_ret;  net_ret;turnover;turnover_limited
1947-08;-0.020634;-0.020634;       0;               0
1947-09; 0.003153; 0.002953;0.726368;             0.2
1947-10; 0.032775; 0.032575;0.593885;             0.2
1947-11;-0.028188;-0.028373;0.184214;        0.184214
1947-12; 0.026166; 0.025966; 0.56702;             0.2
1948-01;-0.027014;-0.027214;0.411736;             0.2
1948-02;-0.059026;-0.059226;0.326171;             0.2
1948-03;   0.1004;   0.1002;0.595655;             0.2
1948-04;   0.0352;    0.035;0.744692;             0.2
1948-05; 0.086854; 0.086654;0.356151;             0.2
1948-06;-0.005865;-0.006065;0.619704;             0.2
1948-07; -0.04392; -0.04412;0.613888;             0.2
1948-08;-0.004714;-0.004914;0.735632;             0.2
1948-09;-0.039458;-0.039658;0.555974;             0.2
1948-10; 0.050843; 0.050643;0.483939;             0.2
1948-11;-0.105581;-0.105781;0.454262;             0.2
1948-12; 0.011468; 0.011268;0.489156;             0.2
1949-01; 0.014473; 0.014273;0.343529;             0.2
1949-02;-0.037842;-0.038042;0.436818;             0.2
1949-03; 0.060573; 0.060373;0.415936;             0.2
1949-04; -0.02838; -0.02858;0.286554;             0.2
1949-05;-0.041077;-0.041239;0.161779;        0.161779
1949-06; -0.00592; -0.00612;0.777245;             0.2
1949-07; 0.061183; 0.060983;0.611661;             0.2
1949-08; 0.023337; 0.023137;0.344327;             0.2
1949-09; 0.046712; 0.046512;0.740769;             0.2
1949-10; 0.033204; 0.033004;0.601813;             0.2
1949-11; 0.015623; 0.015423;0.361411;             0.2
1949-12; 0.067358; 0.067158;0.397759;             0.2
1950-01; 0.050666; 0.050466;0.421895;             0.2
1950-02; 0.015528; 0.015328;0.528914;             0.2
1950-03;-0.000904;-0.001104;0.234929;             0.2
1950-04; 0.055441; 0.055241;  0.3687;             0.2
1950-05; 0.026776; 0.026576;0.342429;             0.2
1950-06; -0.08578; -0.08598; 0.23117;             0.2
1950-07; 0.064046; 0.063846;0.273461;             0.2
1950-08; 0.048375; 0.048175;0.758855;             0.2
1950-09; 0.053076; 0.052876;0.600641;             0.2
1950-10; 0.003179; 0.002979;0.816661;             0.2
1950-11; 0.033035; 0.032835;0.757013;             0.2
1950-12; 0.075928; 0.075728;0.511086;             0.2
1951-01; 0.074286; 0.074086; 0.80254;             0.2
1951-02; 0.008812; 0.008612;0.646215;             0.2
1951-03; -0.04078; -0.04098;0.445439;             0.2
1951-04; 0.045453; 0.045253;0.400787;             0.2
1951-05;-0.017537;-0.017737;0.489022;             0.2
1951-06;-0.040676;-0.040876;0.486915;             0.2
1951-07; 0.060945; 0.060745;0.505309;             0.2
1951-08; 0.044259; 0.044059;0.289211;             0.2
1951-09; 0.023529; 0.023329;0.688663;             0.2
1951-10;-0.020948;-0.021148; 0.69319;             0.2
1951-11; 0.006792; 0.006592;0.567219;             0.2
1951-12; 0.019138; 0.018938;0.543486;             0.2
1952-01; 0.017144; 0.016944;0.548104;             0.2
1952-02;-0.021746;-0.021946; 0.63367;             0.2
1952-03; 0.031068; 0.030868; 0.65041;             0.2
1952-04;-0.046247;-0.046447;0.292952;             0.2
1952-05; 0.025508; 0.025308; 0.33827;             0.2
1952-06;  0.03116;  0.03096;0.770618;             0.2
1952-07; 0.009866; 0.009666;0.777181;             0.2
1952-08;-0.002125;-0.002325;0.632225;             0.2
1952-09;-0.013606;-0.013806;0.441133;             0.2
1952-10;-0.010617;-0.010817;0.584719;             0.2
1952-11; 0.055485; 0.055285;0.424102;             0.2
1952-12; 0.025214; 0.025014;0.356474;             0.2
1953-01; 0.029589; 0.029389;0.359831;             0.2
1953-02; 0.014305; 0.014105;0.448283;             0.2
1953-03;-0.014901;-0.015101;  0.3349;             0.2
1953-04;-0.025018;-0.025218;0.515025;             0.2
1953-05; 0.006664; 0.006464;0.567391;             0.2
1953-06;-0.030144;-0.030344;0.356774;             0.2
1953-07; 0.017395; 0.017195;0.245531;             0.2
1953-08;-0.049475;-0.049675;0.507714;             0.2
1953-09;-0.010644;-0.010844;0.486685;             0.2
1953-10; 0.039461; 0.039261;0.316553;             0.2
1953-11; 0.021311; 0.021111;0.367367;             0.2
1953-12;-0.009901;-0.010101;0.561183;             0.2
1954-01; 0.061391; 0.061191;0.442039;             0.2
1954-02; 0.016459; 0.016259;0.378814;             0.2
1954-03; 0.030707; 0.030507;0.545965;             0.2
1954-04; 0.012782; 0.012582;0.576914;             0.2
1954-05; 0.043563; 0.043363;0.346117;             0.2
1954-06; 0.013837; 0.013637; 0.25111;             0.2
1954-07; 0.081123; 0.080923;0.350874;             0.2
1954-08;-0.010995;-0.011195;0.315552;             0.2
1954-09;  0.04404;  0.04384;0.450292;             0.2
1954-10;-0.004927;-0.005127;0.245805;             0.2
1954-11; 0.092318; 0.092118;0.375001;             0.2
1954-12; 0.101849; 0.101649;0.560643;             0.2
1955-01; 0.020137; 0.019937;0.658916;             0.2
1955-02; 0.046771; 0.046571;0.234749;             0.2
1955-03;-0.002622;-0.002822;0.471848;             0.2
1955-04; 0.029383; 0.029183;0.489779;             0.2
1955-05; 0.009424; 0.009224;0.423838;             0.2
1955-06; 0.041448; 0.041248;0.531344;             0.2
1955-07; 0.009848; 0.009648;0.385307;             0.2
1955-08; 0.006807; 0.006607;0.513157;             0.2
1955-09;-0.008494;-0.008694;0.500861;             0.2
1955-10;-0.013535;-0.013735;0.374002;             0.2
1955-11; 0.052059; 0.051859;0.254888;             0.2
1955-12; 0.022042; 0.021842;0.369879;             0.2
1956-01;-0.025338;-0.025529;0.190132;        0.190132
1956-02; 0.036053; 0.035853;0.545532;             0.2
1956-03; 0.056458; 0.056258;0.847764;             0.2
1956-04; 0.004053; 0.003853; 0.53634;             0.2
1956-05;-0.039463;-0.039663;0.428613;             0.2
1956-06; 0.022817; 0.022617;0.538161;             0.2
1956-07; 0.043143; 0.042943;0.291984;             0.2
1956-08;-0.015529;-0.015729;0.460008;             0.2
1956-09;-0.032204;-0.032404;0.701029;             0.2
1956-10; 0.008307; 0.008107;0.681661;             0.2
1956-11; 0.008468; 0.008268;0.432947;             0.2
1956-12; 0.026292; 0.026092;0.593808;             0.2
1957-01;-0.004551;-0.004751;0.744216;             0.2
1957-02;-0.022146;-0.022346;0.585373;             0.2
1957-03; 0.025198; 0.024998;0.511092;             0.2
1957-04; 0.025112; 0.024912;0.506012;             0.2
1957-05; 0.020338; 0.020138;  0.2267;             0.2
1957-06;-0.008063;-0.008263;0.365191;             0.2
1957-07; 0.008219; 0.008019;0.511435;             0.2
1957-08;-0.049472;-0.049672;0.337323;             0.2
1957-09;-0.051853;-0.052053;0.200207;             0.2
1957-10;-0.065373;-0.065573;0.208679;             0.2
1957-11;  0.02369;  0.02349; 0.33935;             0.2
1957-12;-0.047241;-0.047441;0.388898;             0.2
1958-01; 0.115454; 0.115254;0.376991;             0.2
1958-02;-0.006039;-0.006239;0.759165;             0.2
1958-03; 0.036291; 0.036091;0.749914;             0.2
1958-04; 0.034028; 0.033828;0.715718;             0.2
1958-05; 0.034174; 0.033974;0.811494;             0.2
1958-06;  0.03114;  0.03094;0.402785;             0.2
1958-07; 0.053359; 0.053159;0.449979;             0.2
1958-08; 0.027509; 0.027309;0.490646;             0.2
1958-09; 0.052341; 0.052141;0.241833;             0.2
1958-10; 0.034026; 0.033826;0.568608;             0.2
1958-11; 0.049817; 0.049617;0.329954;             0.2
1958-12; 0.033669; 0.033469; 0.41927;             0.2
1959-01; 0.047825; 0.047625;0.376908;             0.2
1959-02; 0.031277; 0.031077;0.274128;             0.2
1959-03; 0.013127; 0.012927;0.355215;             0.2
1959-04; 0.030421; 0.030221;0.360022;             0.2
1959-05; 0.011331; 0.011131;0.423451;             0.2
1959-06; 0.010209; 0.010009;0.419727;             0.2
1959-07; 0.031921; 0.031721;0.538428;             0.2
1959-08;-0.013074;-0.013274;0.546976;             0.2
1959-09;-0.044957;-0.045157;0.251553;             0.2
1959-10; 0.024732; 0.024532;0.377228;             0.2
1959-11; 0.019937; 0.019737;0.373438;             0.2
1959-12; 0.024683; 0.024483;0.405557;             0.2
1960-01;-0.058112;-0.058312;0.525136;             0.2
1960-02;  0.01191;  0.01171;0.640269;             0.2
1960-03;-0.021852;-0.022052;0.560543;             0.2
1960-04;-0.016876;-0.017076;0.583095;             0.2
1960-05; 0.025853; 0.025653;0.578183;             0.2
1960-06; 0.021343; 0.021143;0.493372;             0.2
1960-07;-0.019694;-0.019894;0.626204;             0.2
1960-08; 0.033717; 0.033517;0.654792;             0.2
1960-09;-0.060109;-0.060309;0.374058;             0.2
1960-10;-0.028579;-0.028779;0.323714;             0.2
1960-11; 0.055801; 0.055601;0.542732;             0.2
1960-12; 0.038314; 0.038114;0.692463;             0.2
1961-01; 0.080478; 0.080278;0.280757;             0.2
1961-02; 0.062804; 0.062604;0.474005;             0.2
1961-03; 0.054078; 0.053878; 0.59796;             0.2
1961-04; 0.011518; 0.011318;0.303305;             0.2
1961-05; 0.043138; 0.042938;0.329901;             0.2
1961-06;-0.040914;-0.041114;0.535709;             0.2
1961-07; 0.011617; 0.011417;0.362611;             0.2
1961-08; 0.017893; 0.017693;0.219661;             0.2
1961-09;-0.032163;-0.032363;0.381835;             0.2
1961-10;  0.02042;  0.02022;0.418545;             0.2
1961-11; 0.050344; 0.050144;0.283996;             0.2
1961-12;-0.001779;-0.001979;0.381659;             0.2
1962-01;-0.025813;-0.026013; 0.79027;             0.2
1962-02; 0.015868; 0.015668;0.661554;             0.2
1962-03;-0.008168;-0.008368;0.282566;             0.2
1962-04;-0.069018;-0.069218;  0.5229;             0.2
1962-05;-0.092059;-0.092259;0.650427;             0.2
1962-06;-0.078199;-0.078399;0.462838;             0.2
1962-07; 0.064662; 0.064462;0.375878;             0.2
1962-08; 0.027418; 0.027218;0.318839;             0.2
1962-09;-0.067188;-0.067388;0.524226;             0.2
1962-10;-0.035665;-0.035865;0.700054;             0.2
1962-11; 0.121013; 0.120813;    0.75;             0.2
1962-12;-0.017765;-0.017965;    0.75;             0.2
1963-01; 0.080572; 0.080372;0.553389;             0.2
1963-02;-0.014353;-0.014553;0.729078;             0.2
1963-03; 0.021808; 0.021608;0.697485;             0.2
1963-04; 0.042808; 0.042608;0.605715;             0.2
1963-05; 0.041948; 0.041748;0.832939;             0.2
1963-06;-0.014968;-0.015168;0.794878;             0.2
1963-07;-0.008746;-0.008946; 0.49007;             0.2
1963-08; 0.052021; 0.051821;0.505958;             0.2
1963-09;-0.019563;-0.019763; 0.47673;             0.2
1963-10; 0.016589; 0.016389;0.501915;             0.2
1963-11;-0.013134;-0.013334;0.485236;             0.2
1963-12; 0.010055; 0.009855;0.436233;             0.2
1964-01;   0.0213;   0.0211;0.377888;             0.2
1964-02; 0.025776; 0.025576;0.635433;             0.2
1964-03;  0.03412;  0.03392;0.429091;             0.2
1964-04;-0.002851;-0.003051; 0.48961;             0.2
1964-05; 0.013497; 0.013297;0.633572;             0.2
1964-06; 0.012249; 0.012049;0.519157;             0.2
1964-07;  0.02483;  0.02463;0.363401;             0.2
1964-08;-0.009856;-0.009985;0.129123;        0.129123
1964-09; 0.032373; 0.032173;0.303988;             0.2
1964-10; 0.015755; 0.015573;0.182471;        0.182471
1964-11; 0.000951; 0.000813;0.137915;        0.137915
1964-12;-0.008509;-0.008709;0.232959;             0.2
1965-01;   0.0598;   0.0596;0.216815;             0.2
1965-02;  0.03218;  0.03198;0.261889;             0.2
1965-03; 0.007055; 0.006855;0.306348;             0.2
1965-04; 0.042347; 0.042147;0.445778;             0.2
1965-05;-0.009203;-0.009403;0.520197;             0.2
1965-06;-0.085916;-0.086116;0.260874;             0.2
1965-07; 0.032153; 0.031953;0.472614;             0.2
1965-08; 0.043863; 0.043663;0.355393;             0.2
1965-09; 0.032568; 0.032368;0.562682;             0.2
1965-10; 0.051857; 0.051657;0.338938;             0.2
1965-11; 0.021354; 0.021154;0.683009;             0.2
1965-12; 0.038405; 0.038205; 0.65156;             0.2
1966-01; 0.035926; 0.035726;0.592645;             0.2
1966-02; 0.032978; 0.032778;0.630529;             0.2
1966-03;-0.018864;-0.019064;0.438123;             0.2
1966-04; 0.040501; 0.040301;0.305897;             0.2
1966-05;-0.097425;-0.097625;0.551847;             0.2
1966-06; 0.003556; 0.003356;0.670665;             0.2
1966-07;-0.013373;-0.013573;0.371395;             0.2
1966-08;-0.092524;-0.092724;0.521145;             0.2
1966-09;-0.013222;-0.013422;0.519976;             0.2
1966-10; 0.033974; 0.033774;0.737696;             0.2
1966-11; 0.035427; 0.035227;0.330759;             0.2
1966-12; 0.014045; 0.013845;0.613598;             0.2
1967-01; 0.161442; 0.161242;0.830835;             0.2
1967-02;  0.00748;  0.00728;0.793078;             0.2
1967-03; 0.047916; 0.047716;0.462461;             0.2
1967-04; 0.044222; 0.044022;0.806624;             0.2
1967-05;-0.023685;-0.023885;0.869143;             0.2
1967-06; 0.050401; 0.050201;0.348781;             0.2
1967-07; 0.077522; 0.077322;0.769177;             0.2
1967-08;-0.000706;-0.000906;0.782669;             0.2
1967-09;  0.04731;  0.04711; 0.29805;             0.2
1967-10;-0.026776;-0.026976;0.340647;             0.2
1967-11; 0.004256; 0.004056;0.247617;             0.2
1967-12; 0.090467; 0.090267;0.329211;             0.2
1968-01; 0.002546; 0.002346; 0.40051;             0.2
1968-02;-0.050975;-0.051175; 0.41617;             0.2
1968-03;-0.005129;-0.005329;0.377161;             0.2
1968-04; 0.106661; 0.106461;0.533276;             0.2
1968-05; 0.077511; 0.077311;0.723479;             0.2
1968-06; 0.011885; 0.011685;0.653296;             0.2
1968-07;-0.038165;-0.038365;0.486774;             0.2
1968-08; 0.021771; 0.021571;0.409144;             0.2
1968-09;  0.04753;  0.04733;0.287204;             0.2
1968-10; 0.007507; 0.007307;0.787542;             0.2
1968-11;  0.06946;  0.06926;0.549172;             0.2
1968-12;-0.012544;-0.012744;0.525528;             0.2
1969-01;-0.006987;-0.007187;0.394453;             0.2
1969-02;-0.080787;-0.080987; 0.63276;             0.2
1969-03; 0.026442; 0.026242;0.462848;             0.2
1969-04; 0.012209; 0.012009;0.715614;             0.2
1969-05; 0.002911; 0.002711; 0.48735;             0.2
1969-06;-0.100825;-0.101025;0.374883;             0.2
1969-07;-0.088416;-0.088616;0.677296;             0.2
1969-08; 0.056631; 0.056431;0.496985;             0.2
1969-09;-0.018642;-0.018842;0.287638;             0.2
1969-10; 0.084576; 0.084376; 0.59145;             0.2
1969-11; -0.05327; -0.05347;0.537259;             0.2
1969-12;-0.041624;-0.041824;0.627227;             0.2
1970-01; -0.06806; -0.06826;0.361834;             0.2
1970-02; 0.050424; 0.050224;0.447253;             0.2
1970-03;-0.030518;-0.030718;0.624461;             0.2
1970-04;-0.133624;-0.133824; 0.72968;             0.2
1970-05;-0.097165;-0.097365;0.712159;             0.2
1970-06;-0.050569;-0.050769;0.801399;             0.2
1970-07; 0.073434; 0.073234; 0.52685;             0.2
1970-08; 0.064516; 0.064316;0.484439;             0.2
1970-09; 0.121387; 0.121187;0.561971;             0.2
1970-10;-0.068575;-0.068775;0.318735;             0.2
1970-11;  0.01716;  0.01696;    0.55;             0.2
1970-12; 0.071007; 0.070807;0.800001;             0.2
1971-01; 0.132195; 0.131995;0.690729;             0.2
1971-02; 0.034575; 0.034375;0.581886;             0.2
1971-03; 0.041505; 0.041305;0.783052;             0.2
1971-04; 0.034235; 0.034085;    0.15;            0.15
1971-05;-0.041659;-0.041859;0.650472;             0.2
1971-06;-0.006401;-0.006601;0.616262;             0.2
1971-07;-0.047466;-0.047666;0.592678;             0.2
1971-08; 0.050747; 0.050547;0.342395;             0.2
1971-09;  -0.0038;   -0.004;0.587472;             0.2
1971-10;-0.047002;-0.047202;0.695989;             0.2
1971-11;-0.030308;-0.030508;0.643936;             0.2
1971-12; 0.104189; 0.103989;0.632591;             0.2
1972-01; 0.079958; 0.079758;0.640635;             0.2
1972-02; 0.033133; 0.032933;0.626189;             0.2
1972-03; 0.007948; 0.007748;0.732646;             0.2
1972-04; 0.003035; 0.002835;0.693487;             0.2
1972-05; 0.001747; 0.001547;0.708875;             0.2
1972-06;-0.031116;-0.031316;0.483288;             0.2
1972-07;-0.028087;-0.028287;0.593263;             0.2
1972-08; 0.016577; 0.016377;0.538269;             0.2
1972-09;-0.021781;-0.021981;0.473478;             0.2
1972-10;-0.003385;-0.003585;0.585774;             0.2
1972-11; 0.056206; 0.056006;0.403721;             0.2
1972-12;-0.015073;-0.015273;0.217651;             0.2
1973-01;-0.045998;-0.046198;0.792883;             0.2
1973-02;  -0.0745;  -0.0747;0.986155;             0.2
1973-03;-0.021322;-0.021522;0.731859;             0.2
1973-04;-0.062238;-0.062438;0.476383;             0.2
1973-05;-0.074816;-0.075016;0.562658;             0.2
1973-06;-0.026525;-0.026725;0.537614;             0.2
1973-07; 0.114568; 0.114368;0.447502;             0.2
1973-08;-0.048428;-0.048628;0.605556;             0.2
1973-09; 0.075581; 0.075381;0.676323;             0.2
1973-10;-0.001473;-0.001673;0.587789;             0.2
1973-11;-0.175734;-0.175934;0.631248;             0.2
1973-12;-0.001075;-0.001275; 0.66963;             0.2
1974-01; 0.061251; 0.061051;0.414028;             0.2
1974-02; 0.002612; 0.002412;0.457028;             0.2
1974-03;-0.014051;-0.014251; 0.40617;             0.2
1974-04;-0.056619;-0.056819;0.734929;             0.2
1974-05;-0.076113;-0.076313;0.590332;             0.2
1974-06; -0.03561; -0.03581;0.522836;             0.2
1974-07;-0.047473;-0.047673; 0.70748;             0.2
1974-08;-0.083773;-0.083973;0.694145;             0.2
1974-09;-0.097604;-0.097804;0.688891;             0.2
1974-10; 0.136898; 0.136697;0.508744;             0.2
1974-11; -0.03417; -0.03437; 0.51327;             0.2
1974-12;-0.045163;-0.045363;0.526334;             0.2
1975-01; 0.251695; 0.251495;0.477779;             0.2
1975-02; 0.047628; 0.047428;0.709893;             0.2
1975-03; 0.054041; 0.053841;0.242114;             0.2
1975-04;     0.04;   0.0398;0.701674;             0.2
1975-05; 0.072436; 0.072236;0.622732;             0.2
1975-06;  0.05637;  0.05617;0.843183;             0.2
1975-07;-0.025721;-0.025921;0.744358;             0.2
1975-08;-0.052391;-0.052591;0.589854;             0.2
1975-09; -0.03666; -0.03686;0.762026;             0.2
1975-10; 0.036508; 0.036308;0.476717;             0.2
1975-11; 0.021071; 0.020871;0.630023;             0.2
1975-12;-0.010489;-0.010689;     0.6;             0.2
1976-01; 0.179033; 0.178833;0.389454;             0.2
1976-02; 0.038178; 0.037978;0.767411;             0.2
1976-03; 0.022975; 0.022775; 0.57725;             0.2
1976-04;-0.011276;-0.011476;0.413439;             0.2
1976-05;-0.010113;-0.010313;0.453852;             0.2
1976-06; 0.050184; 0.049984;0.356209;             0.2
1976-07;-0.002582;-0.002782;0.359549;             0.2
1976-08;-0.009725;-0.009925;0.576027;             0.2
1976-09; 0.025438; 0.025238;0.447464;             0.2
1976-10;-0.021292;-0.021492; 0.41555;             0.2
1976-11; 0.037213; 0.037013;0.282225;             0.2
1976-12; 0.086041; 0.085841;0.417845;             0.2
1977-01; 0.012253; 0.012053;0.395086;             0.2
1977-02;-0.008501;-0.008701;0.587744;             0.2
1977-03; 0.002778; 0.002578;0.703509;             0.2
1977-04; 0.015322; 0.015122;0.449634;             0.2
1977-05;-0.001435;-0.001635; 0.57813;             0.2
1977-06; 0.060444; 0.060244;0.422935;             0.2
1977-07;-0.012398;-0.012598;0.661125;             0.2
1977-08;-0.009805;-0.010005;0.436178;             0.2
1977-09; 0.011418; 0.011218; 0.58827;             0.2
1977-10;-0.029287;-0.029487;0.661208;             0.2
1977-11;  0.07194;  0.07174;0.531657;             0.2
1977-12; 0.018442; 0.018242; 0.29757;             0.2
1978-01; -0.04243; -0.04263;0.626065;             0.2
1978-02; 0.003478; 0.003278;0.681142;             0.2
1978-03; 0.056868; 0.056668;0.611982;             0.2
1978-04; 0.078526; 0.078326; 0.46658;             0.2
1978-05; 0.053083; 0.052883;0.739797;             0.2
1978-06;-0.002724;-0.002924;0.592115;             0.2
1978-07; 0.059822; 0.059622; 0.54966;             0.2
1978-08; 0.064908; 0.064708;0.496113;             0.2
1978-09; -0.00947; -0.00967;0.591007;             0.2
1978-10;-0.177713;-0.177913;0.511666;             0.2
1978-11; 0.038332; 0.038132;0.662687;             0.2
1978-12; 0.017019; 0.016819;0.427685;             0.2
1979-01; 0.059859; 0.059659;0.325587;             0.2
1979-02;-0.026035;-0.026235; 0.51913;             0.2
1979-03; 0.078029; 0.077829;0.589607;             0.2
1979-04; 0.007281; 0.007081;0.786195;             0.2
1979-05;-0.012889;-0.013089; 0.87413;             0.2
1979-06; 0.051586; 0.051386;0.725564;             0.2
1979-07; 0.030625; 0.030425;0.367727;             0.2
1979-08; 0.070336; 0.070136;0.732229;             0.2
1979-09; -0.00088; -0.00108;0.351667;             0.2
1979-10;-0.091473;-0.091673;0.676234;             0.2
1979-11; 0.073447; 0.073247;0.531575;             0.2
1979-12; 0.036849; 0.036649;0.543706;             0.2
1980-01; 0.077698; 0.077498;0.440726;             0.2
1980-02; -0.01882; -0.01902;0.697153;             0.2
1980-03;-0.150713;-0.150913;0.754634;             0.2
1980-04; 0.053578; 0.053378;0.420043;             0.2
1980-05; 0.068932; 0.068732;0.640654;             0.2
1980-06; 0.044934; 0.044734; 0.57998;             0.2
1980-07; 0.093304; 0.093104; 0.49721;             0.2
1980-08;  0.03581;  0.03561;0.579839;             0.2
1980-09; 0.035017; 0.034817;0.494044;             0.2
1980-10; 0.042685; 0.042485; 0.59366;             0.2
1980-11;  0.08582;  0.08562;0.893913;             0.2
1980-12;-0.027644;-0.027844; 0.50057;             0.2
1981-01;-0.024229;-0.024429; 0.45735;             0.2
1981-02;  0.00166;  0.00146;0.624579;             0.2
1981-03; 0.077926; 0.077726; 0.66511;             0.2
1981-04; 0.020852; 0.020652;0.506774;             0.2
1981-05; 0.030248; 0.030048;0.314138;             0.2
1981-06;-0.016447;-0.016647;0.750765;             0.2
1981-07;-0.012547;-0.012747;0.423883;             0.2
1981-08;-0.062284;-0.062484; 0.59269;             0.2
1981-09;-0.071603;-0.071803;0.363222;             0.2
1981-10; 0.072009; 0.071809;0.700774;             0.2
1981-11;  0.03604;  0.03584;0.762956;             0.2
1981-12;-0.021299;-0.021499;0.522658;             0.2
1982-01;-0.034576;-0.034776;0.603389;             0.2
1982-02;-0.045148;-0.045348;0.380006;             0.2
1982-03;-0.010365;-0.010565;0.504262;             0.2
1982-04; 0.053766; 0.053566;0.726581;             0.2
1982-05;-0.031068;-0.031268;0.550929;             0.2
1982-06;-0.023349;-0.023549;0.441096;             0.2
1982-07;-0.018815;-0.019015; 0.43381;             0.2
1982-08; 0.097737; 0.097537;0.456577;             0.2
1982-09; 0.027976; 0.027776; 0.55276;             0.2
1982-10; 0.140912; 0.140712;0.617844;             0.2
1982-11;  0.09813;  0.09793;0.810754;             0.2
1982-12; 0.012241; 0.012041;0.709449;             0.2
1983-01; 0.084998; 0.084798;0.721353;             0.2
1983-02; 0.048736; 0.048536;0.574826;             0.2
1983-03; 0.039591; 0.039391;0.541297;             0.2
1983-04; 0.076124; 0.075924;0.326435;             0.2
1983-05; 0.038342; 0.038142;0.721363;             0.2
1983-06;  0.04241;  0.04221;0.595912;             0.2
1983-07;-0.026161;-0.026361;0.374462;             0.2
1983-08;-0.026197;-0.026397;0.336542;             0.2
1983-09;  0.02238;  0.02218;0.294779;             0.2
1983-10;-0.052804;-0.053004;0.528274;             0.2
1983-11; 0.039966; 0.039766; 0.61885;             0.2
1983-12;-0.013703;-0.013903;0.556561;             0.2
1984-01;-0.018522;-0.018722;0.732406;             0.2
1984-02;-0.041423;-0.041623;0.716952;             0.2
1984-03; 0.015718; 0.015518; 0.83558;             0.2
1984-04;-0.007422;-0.007622; 0.45864;             0.2
1984-05;-0.053945;-0.054145;0.729498;             0.2
1984-06; 0.032575; 0.032375;0.377425;             0.2
1984-07;-0.029039;-0.029239;0.342317;             0.2
1984-08; 0.110184; 0.109984;0.573658;             0.2
1984-09; 0.000975; 0.000775; 0.65195;             0.2
1984-10;-0.010931;-0.011131;0.747206;             0.2
1984-11;-0.015474;-0.015674;0.531455;             0.2
1984-12; 0.025563; 0.025363;0.413767;             0.2
1985-01; 0.102699; 0.102499;0.243115;             0.2
1985-02; 0.021273; 0.021073;0.482261;             0.2
1985-03;-0.003937;-0.004137;0.529732;             0.2
1985-04;-0.001644;-0.001844;0.495823;             0.2
1985-05; 0.046768; 0.046568;0.580175;             0.2
1985-06; 0.019344; 0.019144;0.486689;             0.2
1985-07; 0.013602; 0.013402;0.704657;             0.2
1985-08;-0.004068;-0.004268;0.564971;             0.2
1985-09;-0.047823;-0.048023;0.342112;             0.2
1985-10; 0.041135; 0.040935;0.414146;             0.2
1985-11; 0.072298; 0.072183;0.115218;        0.115218
1985-12; 0.042574; 0.042374;0.299531;             0.2
1986-01; 0.020236; 0.020036;0.562789;             0.2
1986-02; 0.076959; 0.076759;0.437408;             0.2
1986-03; 0.055113; 0.054913;0.286519;             0.2
1986-04; 0.006726; 0.006526;0.477925;             0.2
1986-05; 0.042217; 0.042017;0.465062;             0.2
1986-06; 0.013164; 0.012964;0.468914;             0.2
1986-07;-0.071369;-0.071569;0.243014;             0.2
1986-08; 0.032143; 0.031943;0.430166;             0.2
1986-09;-0.070312;-0.070512;0.470761;             0.2
1986-10; 0.028851; 0.028651;0.524096;             0.2
1986-11; 0.000347; 0.000147; 0.52142;             0.2
1986-12;-0.028943;-0.029143;0.533882;             0.2
1987-01;  0.12267;  0.12247;0.653516;             0.2
1987-02;  0.06704;  0.06684;       1;             0.2
1987-03; 0.020481; 0.020281;0.741733;             0.2
1987-04; -0.02182; -0.02202;0.447864;             0.2
1987-05; -0.00212; -0.00232;0.518852;             0.2
1987-06; 0.034602; 0.034402;0.602203;             0.2
1987-07;  0.03335;  0.03315; 0.60811;             0.2
1987-08; 0.029836; 0.029636;0.397457;             0.2
1987-09;-0.016272;-0.016472; 0.52381;             0.2
1987-10;-0.263109;-0.263309;0.523999;             0.2
1987-11;-0.051806;-0.052006;0.333983;             0.2
1987-12; 0.079735; 0.079535;0.543715;             0.2
1988-01; 0.043061; 0.042861;0.476241;             0.2
1988-02; 0.073843; 0.073643;0.231856;             0.2
1988-03;-0.004225;-0.004425;0.433135;             0.2
1988-04; 0.012625; 0.012425;0.610473;             0.2
1988-05; -0.02216; -0.02236;0.954663;             0.2
1988-06; 0.066145; 0.065945;   0.525;             0.2
1988-07;-0.007689;-0.007889;0.537022;             0.2
1988-08;-0.024493;-0.024693;0.357611;             0.2
1988-09; 0.035569; 0.035369;0.539758;             0.2
1988-10;  0.01025;  0.01005; 0.66542;             0.2
1988-11;-0.032229;-0.032429;0.680982;             0.2
1988-12; 0.028503; 0.028303;0.543593;             0.2
1989-01; 0.059528; 0.059328;0.488546;             0.2
1989-02;  0.00433;  0.00413;0.654899;             0.2
1989-03;  0.02508;  0.02488;0.390025;             0.2
1989-04; 0.046714; 0.046514;0.487884;             0.2
1989-05; 0.037647; 0.037447;0.295983;             0.2
1989-06;-0.014416;-0.014616;0.607178;             0.2
1989-07; 0.050367; 0.050167;0.407006;             0.2
1989-08; 0.029723; 0.029523;0.404612;             0.2
1989-09;-0.001762;-0.001962;0.273894;             0.2
1989-10;-0.053003;-0.053203;0.602946;             0.2
1989-11; 0.007824; 0.007624;0.512975;             0.2
1989-12; 0.007628; 0.007428;0.319984;             0.2
1990-01;-0.082095;-0.082295; 0.45029;             0.2
1990-02; 0.018555; 0.018355;0.780643;             0.2
1990-03;  0.02128;  0.02108;0.740587;             0.2
1990-04;-0.039714;-0.039914;0.560525;             0.2
1990-05; 0.074866; 0.074666;0.446612;             0.2
1990-06;-0.004409;-0.004609;0.817884;             0.2
1990-07;-0.035274;-0.035474;0.573976;             0.2
1990-08;-0.117747;-0.117947; 0.43224;             0.2
1990-09;-0.083491;-0.083691;0.569875;             0.2
1990-10;-0.045426;-0.045626;0.641637;             0.2
1990-11; 0.080853; 0.080653;0.548391;             0.2
1990-12; 0.029889; 0.029689;0.727172;             0.2
1991-01;  0.07884;  0.07864; 0.34005;             0.2
1991-02; 0.097977; 0.097777;   0.525;             0.2
1991-03; 0.075152; 0.074952;    0.55;             0.2
1991-04;  0.00973;  0.00953;0.388409;             0.2
1991-05; 0.038652; 0.038452;0.349079;             0.2
1991-06; -0.04236; -0.04256;0.408118;             0.2
1991-07; 0.036939; 0.036739; 0.39943;             0.2
1991-08;   0.0276;   0.0274;0.563149;             0.2
1991-09; 0.001983; 0.001783;0.737817;             0.2
1991-10;  0.02415;  0.02395;0.669431;             0.2
1991-11;-0.044807;-0.045007;0.463618;             0.2
1991-12; 0.095041; 0.094841; 0.56464;             0.2
1992-01; 0.045512; 0.045312;0.480153;             0.2
1992-02; 0.024773; 0.024573;0.277153;             0.2
1992-03;-0.030115;-0.030315;0.731036;             0.2
1992-04;-0.005933;-0.006133;0.648571;             0.2
1992-05; 0.003612; 0.003412;0.452329;             0.2
1992-06;-0.024196;-0.024396;0.612877;             0.2
1992-07; 0.039596; 0.039396;0.586554;             0.2
1992-08;-0.024719;-0.024919;0.590195;             0.2
1992-09;  0.02138;  0.02118;0.605491;             0.2
1992-10;  0.02164;  0.02144;0.544003;             0.2
1992-11; 0.057034; 0.056834;0.415514;             0.2
1992-12; 0.024589; 0.024389;0.823387;             0.2
1993-01; 0.035915; 0.035715;0.710617;             0.2
1993-02;-0.026052;-0.026252;0.567915;             0.2
1993-03;   0.0327;   0.0325;0.314832;             0.2
1993-04;-0.027666;-0.027866;0.252233;             0.2
1993-05; 0.045504; 0.045304;0.230538;             0.2
1993-06; 0.004637; 0.004437;0.591226;             0.2
1993-07; 0.008653; 0.008453;0.397437;             0.2
1993-08; 0.042548; 0.042348;  0.5649;             0.2
1993-09; 0.020191; 0.019991;0.476492;             0.2
1993-10; 0.022978; 0.022778;0.532738;             0.2
1993-11;-0.026739;-0.026939;0.323698;             0.2
1993-12;  0.03631;  0.03611;0.611893;             0.2
1994-01; 0.028483; 0.028283;0.413828;             0.2
1994-02;-0.007276;-0.007476; 0.42583;             0.2
1994-03;-0.052934;-0.053134;0.377697;             0.2
1994-04; 0.003761; 0.003561;0.571668;             0.2
1994-05;-0.008572;-0.008772;0.386468;             0.2
1994-06;-0.031955;-0.032155;0.419747;             0.2
1994-07; 0.028035; 0.027835;0.691585;             0.2
1994-08; 0.052393; 0.052193;0.375517;             0.2
1994-09;-0.010948;-0.011148;  0.3619;             0.2
1994-10;  0.01188;  0.01168;0.609303;             0.2
1994-11; -0.04268; -0.04288;0.785214;             0.2
1994-12; 0.010635; 0.010435;0.511164;             0.2
1995-01;  0.01759;  0.01739;0.573609;             0.2
1995-02; 0.044332; 0.044132;0.411065;             0.2
1995-03; 0.025217; 0.025017;0.543885;             0.2
1995-04; 0.021443; 0.021243;  0.3171;             0.2
1995-05;   0.0153;   0.0151; 0.68585;             0.2
1995-06; 0.047808; 0.047608;0.443824;             0.2
1995-07; 0.059892; 0.059692;0.468639;             0.2
1995-08;  0.02471;  0.02451;0.338904;             0.2
1995-09; 0.023755; 0.023555;0.503951;             0.2
1995-10;-0.038657;-0.038857;0.412164;             0.2
1995-11; 0.035712; 0.035512;0.524669;             0.2
1995-12; 0.019435; 0.019235;0.285563;             0.2
1996-01; 0.005158; 0.004958;  0.4348;             0.2
1996-02; 0.032301; 0.032101; 0.65277;             0.2
1996-03; 0.024535; 0.024335;0.402294;             0.2
1996-04;  0.06848;  0.06828;0.472683;             0.2
1996-05;  0.02222;  0.02202;0.848114;             0.2
1996-06;-0.029911;-0.030111;0.702329;             0.2
1996-07;-0.082185;-0.082385; 0.49696;             0.2
1996-08; 0.052598; 0.052398;0.437304;             0.2
1996-09; 0.050005; 0.049817;0.187879;        0.187879
1996-10;-0.012983;-0.013183; 0.65673;             0.2
1996-11;  0.03019;  0.02999;0.834668;             0.2
1996-12; 0.008113; 0.007913; 0.96871;             0.2
1997-01;  0.04576;  0.04556;0.499538;             0.2
1997-02;-0.016766;-0.016966; 0.62034;             0.2
1997-03; -0.05243; -0.05263;0.377768;             0.2
1997-04; 0.013793; 0.013593;0.471259;             0.2
1997-05;  0.09212;  0.09192;0.486716;             0.2
1997-06; 0.043979; 0.043779;0.666406;             0.2
1997-07; 0.070054; 0.069854;0.554517;             0.2
1997-08;-0.004219;-0.004419;0.580947;             0.2
1997-09; 0.071713; 0.071513;0.822611;             0.2
1997-10;-0.037432;-0.037632;0.503011;             0.2
1997-11;-0.005382;-0.005582; 0.59016;             0.2
1997-12; 0.012468; 0.012268;0.364067;             0.2
1998-01;-0.010287;-0.010487;0.415396;             0.2
1998-02; 0.082914; 0.082714;0.612943;             0.2
1998-03; 0.046315; 0.046115;0.489582;             0.2
1998-04; 0.009991; 0.009791; 0.37713;             0.2
1998-05;-0.043208;-0.043408;0.693445;             0.2
1998-06; -0.00191; -0.00211;0.717802;             0.2
1998-07;-0.042837;-0.043037;0.594534;             0.2
1998-08;-0.193234;-0.193434;0.523303;             0.2
1998-09;  0.06613;  0.06593;0.565444;             0.2
1998-10; 0.057869; 0.057669;0.316182;             0.2
1998-11; 0.060857; 0.060657;0.453452;             0.2
1998-12; 0.040627; 0.040427;0.526257;             0.2
1999-01; 0.043043; 0.042843;0.450232;             0.2
1999-02;-0.049688;-0.049888; 0.47299;             0.2
1999-03;-0.013708;-0.013908;0.603038;             0.2
1999-04; 0.079219; 0.079019; 0.79602;             0.2
1999-05; 0.007551; 0.007351;0.694292;             0.2
1999-06; 0.061523; 0.061323; 0.58749;             0.2
1999-07; -0.01228; -0.01248;0.685951;             0.2
1999-08;-0.029007;-0.029207;0.719106;             0.2
1999-09; -0.01977; -0.01997;0.702736;             0.2
1999-10; 0.038186; 0.037986;0.807783;             0.2
1999-11; 0.075301; 0.075101;0.490318;             0.2
1999-12; 0.107691; 0.107491;0.823909;             0.2
2000-01;-0.005131;-0.005331;0.530109;             0.2
2000-02; 0.105269; 0.105069;0.253363;             0.2
2000-03;-0.008438;-0.008638;0.457728;             0.2
2000-04;-0.083095;-0.083295;0.684449;             0.2
2000-05;-0.035165;-0.035365;0.684727;             0.2
2000-06;  0.10371;  0.10351;0.773766;             0.2
2000-07;-0.025192;-0.025392;0.401089;             0.2
2000-08; 0.070204; 0.070004;0.457981;             0.2
2000-09; -0.02639; -0.02659;0.588543;             0.2
2000-10; -0.05188; -0.05208;0.653889;             0.2
2000-11;-0.100815;-0.101015;    0.85;             0.2
2000-12; 0.059237; 0.059037;0.651298;             0.2
2001-01;  0.10032;  0.10012;0.814381;             0.2
2001-02; -0.05177; -0.05197; 0.30515;             0.2
2001-03;-0.059565;-0.059765; 0.43399;             0.2
2001-04; 0.077555; 0.077355;0.285149;             0.2
2001-05;  0.05005;  0.04985;0.589898;             0.2
2001-06;-0.003998;-0.004198;0.528792;             0.2
2001-07;-0.032863;-0.033063;0.927751;             0.2
2001-08;-0.041462;-0.041662;  0.6667;             0.2
2001-09;-0.109747;-0.109947;0.792045;             0.2
2001-10;     0.07;   0.0698;       1;             0.2
2001-11;  0.07277;  0.07257; 0.80043;             0.2
2001-12; 0.062286; 0.062086;0.547452;             0.2
2002-01;-0.009553;-0.009753;0.731246;             0.2
2002-02;-0.037615;-0.037815;0.650851;             0.2
2002-03;  0.06874;  0.06854; 0.70455;             0.2
2002-04;  0.00346;  0.00326;0.935472;             0.2
2002-05;-0.022556;-0.022756;0.409374;             0.2
2002-06;-0.065757;-0.065957;0.493202;             0.2
2002-07;-0.108471;-0.108671;0.431441;             0.2
2002-08;-0.009122;-0.009322;0.734616;             0.2
2002-09;-0.101702;-0.101902;0.907163;             0.2
2002-10;  0.04634;  0.04614;0.560629;             0.2
2002-11; 0.086629; 0.086429;0.620028;             0.2
2002-12; -0.05408; -0.05428;       1;             0.2
2003-01;-0.008444;-0.008644;0.729326;             0.2
2003-02;-0.032535;-0.032735;0.776664;             0.2
2003-03; 0.013797; 0.013597;   0.525;             0.2
2003-04; 0.091215; 0.091015;0.798055;             0.2
2003-05; 0.113767; 0.113567;0.617638;             0.2
2003-06; 0.016104; 0.015904;0.536929;             0.2
2003-07; 0.047577; 0.047377;0.727912;             0.2
2003-08; 0.047835; 0.047635;0.753812;             0.2
2003-09;-0.001719;-0.001919;0.570263;             0.2
2003-10; 0.081273; 0.081073;0.474722;             0.2
2003-11; 0.036326; 0.036126; 0.41373;             0.2
2003-12; 0.024612; 0.024412;0.478486;             0.2
2004-01; 0.046821; 0.046621; 0.76713;             0.2
2004-02; 0.011353; 0.011153;0.520385;             0.2
2004-03; 0.002903; 0.002703;0.453593;             0.2
2004-04; -0.04296; -0.04316;0.631532;             0.2
2004-05; 0.011743; 0.011543;0.576121;             0.2
2004-06; 0.034701; 0.034501;0.475894;             0.2
2004-07;-0.059705;-0.059905;0.429953;             0.2
2004-08;-0.001143;-0.001343;0.772838;             0.2
2004-09; 0.038485; 0.038285;0.587624;             0.2
2004-10; 0.019332; 0.019132;0.688747;             0.2
2004-11; 0.072093; 0.071893;0.612394;             0.2
2004-12; 0.042269; 0.042069;   0.662;             0.2
2005-01;-0.032689;-0.032889;0.376482;             0.2
2005-02;  0.01597;  0.01577;0.424318;             0.2
2005-03;-0.021885;-0.022085;0.567466;             0.2
2005-04;-0.051803;-0.052003;0.495687;             0.2
2005-05; 0.053161; 0.052961;0.484331;             0.2
2005-06; 0.024254; 0.024054;0.574361;             0.2
2005-07;  0.05977;  0.05957;0.653283;             0.2
2005-08;-0.012469;-0.012669;0.620874;             0.2
2005-09; 0.010015; 0.009815;0.719064;             0.2
2005-10;-0.025739;-0.025939;0.754436;             0.2
2005-11; 0.048998; 0.048798; 0.66054;             0.2
2005-12;  0.00561;  0.00541; 0.46007;             0.2
2006-01; 0.072405; 0.072205;0.450017;             0.2
2006-02;-0.001712;-0.001912;0.399133;             0.2
2006-03; 0.042341; 0.042141;0.363867;             0.2
2006-04;  0.00692;  0.00672;0.432744;             0.2
2006-05;-0.052764;-0.052964;0.372154;             0.2
2006-06; 0.000359; 0.000159;0.536314;             0.2
2006-07;-0.022712;-0.022912;0.424734;             0.2
2006-08; 0.024571; 0.024371;0.585439;             0.2
2006-09;  0.01523;  0.01503;0.548411;             0.2
2006-10; 0.048803; 0.048603;0.562864;             0.2
2006-11;  0.03197;  0.03177;0.603959;             0.2
2006-12; 0.008414; 0.008214;0.734235;             0.2
2007-01; 0.020299; 0.020099;0.892578;             0.2
2007-02;-0.003716;-0.003916;0.461002;             0.2
2007-03; 0.012469; 0.012269;0.591654;             0.2
2007-04; 0.023814; 0.023614;0.407357;             0.2
2007-05; 0.043677; 0.043477;0.550155;             0.2
2007-06;-0.012633;-0.012833;0.402638;             0.2
2007-07;-0.057055;-0.057255;0.517362;             0.2
2007-08;   0.0116;   0.0114;0.553357;             0.2
2007-09; 0.023922; 0.023722;0.552665;             0.2
2007-10; 0.021184; 0.020984;0.458622;             0.2
2007-11; -0.05201; -0.05221;0.745615;             0.2
2007-12;-0.006929;-0.007129;0.492205;             0.2
2008-01;-0.066201;-0.066401;0.342984;             0.2
2008-02;-0.034668;-0.034868;0.463154;             0.2
2008-03;-0.002325;-0.002525;0.408446;             0.2
2008-04; 0.053069; 0.052869;0.465628;             0.2
2008-05; 0.049104; 0.048904;0.498748;             0.2
2008-06;-0.071494;-0.071694;0.876064;             0.2
2008-07; 0.046165; 0.045965;       1;             0.2
2008-08; 0.030498; 0.030298;0.708024;             0.2
2008-09;-0.090658;-0.090858;0.790729;             0.2
2008-10;-0.207944;-0.208144;0.558377;             0.2
2008-11;-0.105864;-0.106064;0.547897;             0.2
2008-12; 0.046422; 0.046222;0.562082;             0.2
2009-01;-0.074966;-0.075166; 0.89963;             0.2
2009-02;-0.117081;-0.117281;0.825298;             0.2
2009-03; 0.096725; 0.096525;0.491946;             0.2
2009-04;  0.11874;  0.11854;    0.55;             0.2
2009-05; 0.041118; 0.040918; 0.84078;             0.2
2009-06; 0.009558; 0.009358;0.714007;             0.2
2009-07;  0.10003;  0.09983;0.783788;             0.2
2009-08; 0.037154; 0.036954;    0.55;             0.2
2009-09; 0.068675; 0.068475;0.565053;             0.2
2009-10;-0.061839;-0.062039;0.469241;             0.2
2009-11; 0.047202; 0.047002;0.567017;             0.2
2009-12; 0.045285; 0.045085;0.471225;             0.2
2010-01;-0.024645;-0.024845;0.541222;             0.2
2010-02; 0.051407; 0.051207;0.683676;             0.2
2010-03; 0.076115; 0.075915;0.677426;             0.2
2010-04; 0.072493; 0.072293;0.560624;             0.2
2010-05;-0.079992;-0.080192;0.542712;             0.2
2010-06;-0.077633;-0.077833; 0.48603;             0.2
2010-07; 0.070064; 0.069864;0.806349;             0.2
2010-08;-0.053583;-0.053783;0.544612;             0.2
2010-09; 0.121057; 0.120857;0.574302;             0.2
2010-10; 0.035933; 0.035733;0.309658;             0.2
2010-11; 0.032663; 0.032463;0.733705;             0.2
2010-12; 0.085095; 0.084928;0.166541;        0.166541
2011-01;  0.00528;  0.00508;0.817958;             0.2
2011-02; 0.049182; 0.048982;0.560121;             0.2
2011-03;  0.01749;  0.01729;0.539486;             0.2
2011-04; 0.018839; 0.018639;0.665581;             0.2
2011-05;-0.013603;-0.013803;0.749914;             0.2
2011-06; -0.01753; -0.01773;0.579863;             0.2
2011-07;-0.039097;-0.039297;0.612312;             0.2
2011-08;-0.088952;-0.089152;0.484978;             0.2
2011-09;-0.105342;-0.105542;0.733556;             0.2
2011-10; 0.132159; 0.131959;0.486312;             0.2
2011-11;-0.003527;-0.003727;0.346596;             0.2
2011-12;  0.00713;  0.00693;0.554065;             0.2
2012-01; 0.078125; 0.077925;0.630772;             0.2
2012-02; 0.023187; 0.022987;   0.525;             0.2
2012-03; 0.027172; 0.026972;0.680892;             0.2
2012-04;-0.015773;-0.015973;0.595837;             0.2
2012-05; -0.06787; -0.06807;0.506742;             0.2
2012-06; 0.044969; 0.044769;0.345661;             0.2
2012-07;-0.004987;-0.005187;0.557455;             0.2
2012-08; 0.031987; 0.031787; 0.67965;             0.2
2012-09; 0.039126; 0.038926;0.827589;             0.2
2012-10;-0.021748;-0.021948;0.387305;             0.2
2012-11; 0.011214; 0.011014;0.740485;             0.2
2012-12; 0.030763; 0.030563;0.549723;             0.2
2013-01; 0.059218; 0.059018; 0.49444;             0.2
2013-02;  0.01475;  0.01455;0.787379;             0.2
2013-03; 0.047188; 0.046988;0.521517;             0.2
2013-04; 0.001551; 0.001351;0.599374;             0.2
2013-05; 0.037647; 0.037447;0.764305;             0.2
2013-06;-0.003096;-0.003296;0.589686;             0.2
2013-07; 0.074426; 0.074226;0.301195;             0.2
2013-08;-0.027706;-0.027906; 0.35461;             0.2
2013-09; 0.056471; 0.056271;0.466496;             0.2
2013-10; 0.022372; 0.022172;0.483287;             0.2
2013-11; 0.044585; 0.044385;0.214321;             0.2
2013-12; 0.027023; 0.026823;0.810163;             0.2
2014-01;-0.026805;-0.027005;0.564639;             0.2
2014-02; 0.051911; 0.051711;0.351313;             0.2
2014-03; 0.002285; 0.002085; 0.44834;             0.2
2014-04;-0.028837;-0.029037; 0.41083;             0.2
2014-05; 0.014231; 0.014031;0.496822;             0.2
2014-06; 0.046909; 0.046709; 0.47646;             0.2
2014-07;-0.056885;-0.057085;0.445311;             0.2
2014-08; 0.044136; 0.043936; 0.78753;             0.2
2014-09;-0.040514;-0.040714;  0.4375;             0.2
2014-10;  0.05304;  0.05284;0.686803;             0.2
2014-11; 0.026494; 0.026294;0.802983;             0.2
2014-12; 0.023679; 0.023479;0.785633;             0.2
2015-01;-0.030534;-0.030734; 0.60371;             0.2
2015-02; 0.068649; 0.068449;0.707166;             0.2
2015-03; 0.012937; 0.012737;0.485324;             0.2
2015-04;-0.018769;-0.018969;0.655167;             0.2
2015-05; 0.023989; 0.023789;0.546335;             0.2
2015-06; -0.00747; -0.00767;0.789278;             0.2
2015-07;-0.010205;-0.010405;0.460463;             0.2
2015-08;-0.058194;-0.058394;0.538657;             0.2
2015-09;-0.044022;-0.044222;0.398541;             0.2
2015-10;  0.06115;  0.06095;0.435729;             0.2
2015-11; 0.019463; 0.019263;0.444597;             0.2
2015-12;-0.046752;-0.046952;0.502828;             0.2
2016-01;-0.094768;-0.094968; 0.82993;             0.2
2016-02; 0.009737; 0.009537;0.720412;             0.2
2016-03; 0.074039; 0.073839;0.675029;             0.2
2016-04; 0.028401; 0.028201;0.873689;             0.2
2016-05; 0.015668; 0.015468;0.740957;             0.2
2016-06;-0.002862;-0.003062;0.859214;             0.2
2016-07; 0.052322; 0.052122;0.570434;             0.2
2016-08; 0.010134; 0.009934;0.552249;             0.2
2016-09; 0.018134; 0.017934;0.473697;             0.2
2016-10; -0.05108; -0.05128;0.426572;             0.2
2016-11; 0.098749; 0.098549;0.356087;             0.2
2016-12; 0.012307; 0.012107;0.493481;             0.2
2017-01; 0.007802; 0.007602;0.778129;             0.2
2017-02; 0.016175; 0.015975;0.365455;             0.2
2017-03;  0.00192;  0.00172;0.375777;             0.2
2017-04; 0.007973; 0.007773;0.375847;             0.2
2017-05;-0.016942;-0.017142;0.444428;             0.2
2017-06; 0.033738; 0.033538;0.473176;             0.2
2017-07; 0.009828; 0.009628;0.357219;             0.2
2017-08;-0.012467;-0.012667; 0.26455;             0.2
2017-09;  0.04446;  0.04426; 0.37486;             0.2
2017-10; 0.011267; 0.011067;0.577267;             0.2
2017-11; 0.030895; 0.030695;0.529168;             0.2
2017-12; 0.006279; 0.006079; 0.50724;             0.2
2018-01; 0.033585; 0.033385;0.576751;             0.2
2018-02;-0.034307;-0.034507;0.361501;             0.2
2018-03; 0.008614; 0.008414;0.382571;             0.2
2018-04;  0.00365;  0.00345;0.494156;             0.2
2018-05;  0.06244;  0.06224;0.370912;             0.2
2018-06; 0.010218; 0.010018;0.529068;             0.2
2018-07; 0.016736; 0.016536;0.459373;             0.2
2018-08; 0.042036; 0.041836;0.642496;             0.2
2018-09;-0.019222;-0.019422; 0.35519;             0.2
2018-10;-0.109786;-0.109986;0.535356;             0.2
2018-11; 0.011715; 0.011515;0.560733;             0.2
2018-12;-0.114293;-0.114493;0.254638;             0.2
2019-01; 0.102963; 0.102763; 0.42747;             0.2
2019-02; 0.050558; 0.050358;0.521955;             0.2
2019-03;-0.004357;-0.004557;0.623644;             0.2
2019-04; 0.029312; 0.029112;0.440484;             0.2
2019-05;-0.074807;-0.075007;0.708956;             0.2
2019-06; 0.067093; 0.066893;0.382795;             0.2
2019-07;  0.00624;  0.00604;0.783551;             0.2
2019-08;-0.045631;-0.045831;0.909725;             0.2
2019-09; 0.018637; 0.018437;0.815804;             0.2
2019-10; 0.011469; 0.011269;0.794284;             0.2
2019-11; 0.049649; 0.049449;0.531932;             0.2
2019-12; 0.033267; 0.033067; 0.54002;             0.2
2020-01;-0.044591;-0.044791;0.618415;             0.2
2020-02;-0.085193;-0.085393;0.840493;             0.2
2020-03;-0.194998;-0.195198;0.514323;             0.2
2020-04;  0.16037;  0.16017;0.655617;             0.2
2020-05; 0.075363; 0.075163;0.877303;             0.2
2020-06; 0.026277; 0.026077;0.241136;             0.2
2020-07;  0.02478;  0.02458; 0.74336;             0.2
2020-08;   0.0489;   0.0487;     0.8;             0.2
2020-09;-0.027347;-0.027547;0.436906;             0.2
2020-10;  0.01938;  0.01918;0.517258;             0.2
2020-11; 0.188488; 0.188287;0.787501;             0.2
2020-12; 0.072175; 0.071975;0.391369;             0.2
2021-01;  0.10024;  0.10004;0.566734;             0.2
2021-02;  0.09414;  0.09394;0.666668;             0.2
2021-03; 0.027948; 0.027748;0.784044;             0.2
2021-04; 0.028017; 0.027817;0.543364;             0.2
2021-05; 0.009765; 0.009565;0.567304;             0.2
2021-06; 0.020871; 0.020671;0.562162;             0.2
2021-07;-0.019483;-0.019683;0.586406;             0.2
2021-08; 0.024921; 0.024721;0.412181;             0.2
2021-09;-0.031271;-0.031471;0.495265;             0.2
2021-10; 0.032062; 0.031862;0.701883;             0.2
2021-11;-0.023647;-0.023847;0.654631;             0.2
2021-12; 0.027926; 0.027726;0.524264;             0.2
2022-01;-0.082455;-0.082655;0.680478;             0.2
2022-02; 0.004744; 0.004544;0.633423;             0.2
2022-03; 0.021369; 0.021169;0.652423;             0.2
2022-04;-0.088935;-0.089135;0.815307;             0.2
2022-05; 0.003612; 0.003412;0.410296;             0.2
2022-06; -0.09644; -0.09664;0.742862;             0.2
2022-07; 0.097978; 0.097778;0.634619;             0.2
2022-08;-0.019319;-0.019519;0.672218;             0.2
2022-09;-0.096448;-0.096648;0.495549;             0.2
2022-10;   0.0738;   0.0736;     0.4;             0.2
2022-11;-0.003508;-0.003683;   0.175;           0.175
2022-12;-0.044726;-0.044926;0.373984;             0.2
2023-01; 0.098279; 0.098079;0.492789;             0.2
2023-02;-0.029917;-0.030117;0.732923;             0.2
2023-03;-0.044759;-0.044959; 0.49764;             0.2
2023-04;-0.001248;-0.001448;0.477485;             0.2
2023-05;  -0.0046;  -0.0048;0.828932;             0.2
2023-06; 0.078119; 0.077919;0.706475;             0.2
2023-07; 0.061823; 0.061623; 0.84155;             0.2
2023-08; -0.04796; -0.04816;0.600581;             0.2
2023-09;-0.058166;-0.058366;       1;             0.2
2023-10;-0.057954;-0.058154;0.515602;             0.2
2023-11; 0.084242; 0.084042;0.341099;             0.2
2023-12; 0.107648; 0.107448;0.398357;             0.2
2024-01;-0.000581;-0.000781;0.544096;             0.2
2024-02;  0.06176;  0.06156;0.567619;             0.2
2024-03; 0.028099; 0.027899;     0.6;             0.2
2024-04;-0.069351;-0.069551;0.735955;             0.2
2024-05; 0.026398; 0.026198;0.735955;             0.2
2024-06;-0.021077;-0.021277;0.490266;             0.2
2024-07; 0.072911; 0.072711;0.526311;             0.2
2024-08;-0.007404;-0.007604;0.621239;             0.2
2024-09; 0.009719; 0.009519;0.631931;             0.2
2024-10;-0.006859;-0.007059;0.374488;             0.2
2024-11; 0.102673; 0.102473;0.554065;             0.2
2024-12;-0.044436;-0.044636;0.548159;             0.2
2025-01; 0.033761; 0.033561;0.398835;             0.2
2025-02;-0.053329;-0.053529;0.687138;             0.2
2025-03;-0.066508;-0.066708;0.686502;             0.2
2025-04;  -0.0067;  -0.0069;0.722627;             0.2
2025-05; 0.063178; 0.062978;0.552187;             0.2
2025-06; 0.059752; 0.059552;0.467039;             0.2
2025-07; 0.020427; 0.020227;0.668447;             0.2
2025-08; 0.053358; 0.053158;0.777214;             0.2
2025-09;  0.03514;  0.03494;0.857489;             0.2