month  ;net_ret_lr;net_ret_gb;   EW_10; Market
1947-08; -0.017003; -0.020634;-0.01763;-0.0171
1947-09;  0.009972;  0.002953; 0.00631;-0.0048
1947-10;  0.030745;  0.032575; 0.03155; 0.0253
1947-11; -0.026146; -0.028373;-0.02784;-0.0193
1947-12;   0.02334;  0.025966;  0.0236; 0.0309
1948-01;  -0.02093; -0.027214;-0.02073;-0.0386
1948-02; -0.057168; -0.059226;-0.05905;-0.0431
1948-03;  0.094818;    0.1002; 0.09603;  0.082
1948-04;  0.039565;     0.035; 0.04061; 0.0373
1948-05;   0.08185;  0.086654; 0.08595;  0.074
1948-06;  -0.00795; -0.006065;-0.00775;-0.0002
1948-07; -0.057665;  -0.04412;-0.05286;  -0.05
1948-08; -0.001368; -0.004914;-0.00242; 0.0033
1948-09; -0.039277; -0.039658;-0.04111;-0.0295
1948-10;  0.054349;  0.050643;  0.0528;   0.06
1948-11; -0.100648; -0.105781;-0.10487; -0.093
1948-12;   0.01626;  0.011268; 0.01351;  0.033
1949-01;  0.015208;  0.014273; 0.01546; 0.0033
1949-02; -0.032462; -0.038042;-0.03807;-0.0284
1949-03;  0.059425;  0.060373; 0.05742; 0.0415
1949-04;  -0.02858;  -0.02858;-0.02838;-0.0178
1949-05; -0.032591; -0.041239;-0.03866;-0.0288
1949-06;  -0.00725;  -0.00612;-0.00705;  0.002
1949-07;  0.062235;  0.060983; 0.06224; 0.0563
1949-08;  0.024965;  0.023137; 0.02454; 0.0268
1949-09;  0.043293;  0.046512; 0.04235; 0.0318
1949-10;  0.045217;  0.033004; 0.03867; 0.0323
1949-11;  0.008016;  0.015423;  0.0104; 0.0189
1949-12;  0.068898;  0.067158; 0.06976; 0.0523
1950-01;  0.036101;  0.050466; 0.03833; 0.0179
1950-02;  0.015038;  0.015328; 0.01737; 0.0157
1950-03; -0.000533; -0.001104; 0.00069; 0.0136
1950-04;  0.050488;  0.055241; 0.05116; 0.0403
1950-05;  0.032303;  0.026576; 0.03214; 0.0442
1950-06; -0.073202;  -0.08598;-0.07736;-0.0586
1950-07;  0.050249;  0.063846; 0.04881; 0.0147
1950-08;  0.050935;  0.048175; 0.04802; 0.0496
1950-09;  0.054975;  0.052876; 0.05283; 0.0492
1950-10; -0.005148;  0.002979;-0.00448;-0.0007
1950-11;  0.034497;  0.032835; 0.03301; 0.0285
1950-12;    0.0961;  0.075728; 0.08776; 0.0568
1951-01;   0.05905;  0.074086; 0.07432; 0.0583
1951-02;   0.01512;  0.008612; 0.01098;  0.015
1951-03;  -0.04266;  -0.04098;-0.03697;-0.0205
1951-04;  0.042222;  0.045253; 0.04472; 0.0499
1951-05; -0.022797; -0.017737;-0.02567;-0.0224
1951-06; -0.042155; -0.040876;-0.04907;-0.0251
1951-07;   0.05427;  0.060745; 0.06233; 0.0708
1951-08;  0.040967;  0.044059; 0.04793; 0.0442
1951-09;  0.017988;  0.023329; 0.02228; 0.0082
1951-10; -0.026056; -0.021148;-0.02429;-0.0237
1951-11;  0.001726;  0.006592; 0.00673; 0.0069
1951-12;  0.017461;  0.018938; 0.01533; 0.0345
1952-01;  0.018062;  0.016944; 0.01675;  0.016
1952-02; -0.023505; -0.021946;-0.02215;-0.0252
1952-03;  0.022981;  0.030868; 0.03043; 0.0455
1952-04; -0.046277; -0.046447;-0.04562;-0.0485
1952-05;  0.028668;  0.025308; 0.02515; 0.0333
1952-06;  0.028757;   0.03096; 0.03187; 0.0399
1952-07;  0.008253;  0.009666; 0.00999; 0.0106
1952-08;  0.001403; -0.002325; 0.00057;-0.0062
1952-09; -0.013961; -0.013806;-0.01487;-0.0188
1952-10; -0.010784; -0.010817;-0.01063;-0.0052
1952-11;  0.053866;  0.055285; 0.05609; 0.0606
1952-12;  0.025225;  0.025014; 0.02303; 0.0309
1953-01;  0.036876;  0.029389; 0.02338;-0.0018
1953-02;  0.019808;  0.014105; 0.01233;-0.0013
1953-03; -0.014035; -0.015101;-0.01294;-0.0126
1953-04; -0.023488; -0.025218; -0.0227;-0.0267
1953-05;   0.00879;  0.006464; 0.00725; 0.0068
1953-06; -0.034863; -0.030344;-0.03125;-0.0171
1953-07;  0.013057;  0.017195; 0.01692; 0.0255
1953-08; -0.051349; -0.049675;-0.05059;-0.0439
1953-09; -0.014608; -0.010844;-0.00986; 0.0037
1953-10;   0.03286;  0.039261; 0.03799; 0.0473
1953-11;  0.023444;  0.021111; 0.02318; 0.0292
1953-12; -0.016919; -0.010101;-0.01176; 0.0015
1954-01;  0.067268;  0.061191; 0.06634; 0.0524
1954-02;   0.01579;  0.016259; 0.01453; 0.0174
1954-03;  0.032909;  0.030507; 0.03132; 0.0374
1954-04;  0.015468;  0.012582; 0.01963; 0.0436
1954-05;  0.044065;  0.043363; 0.04008; 0.0315
1954-06;  0.013456;  0.013637;  0.0147; 0.0114
1954-07;  0.076238;  0.080923; 0.07262; 0.0505
1954-08; -0.015103; -0.011195;-0.01093; -0.023
1954-09;  0.045904;   0.04384; 0.04659; 0.0649
1954-10; -0.007286; -0.005127;-0.00658; -0.016
1954-11;    0.0897;  0.092118; 0.09083; 0.0947
1954-12;  0.081832;  0.101649; 0.08556; 0.0557
1955-01;  0.018056;  0.019937; 0.01577; 0.0068
1955-02;  0.042406;  0.046571; 0.04264; 0.0311
1955-03;  -0.00496; -0.002822; 0.00068;-0.0005
1955-04;  0.020275;  0.029183; 0.02276; 0.0321
1955-05;  0.006057;  0.009224; 0.00799; 0.0108
1955-06;  0.045877;  0.041248; 0.04079; 0.0665
1955-07;  0.007719;  0.009648; 0.00999; 0.0199
1955-08;  0.000974;  0.006607; 0.00493; 0.0038
1955-09; -0.011468; -0.008694;-0.00744;-0.0021
1955-10; -0.016332; -0.013735;-0.01686;-0.0249
1955-11;  0.056347;  0.051859; 0.05689; 0.0721
1955-12;  0.019188;  0.021842;  0.0211; 0.0167
1956-01; -0.023638; -0.025529;-0.02231;-0.0281
1956-02;  0.032283;  0.035853; 0.03463; 0.0397
1956-03;  0.040825;  0.056258; 0.05226; 0.0679
1956-04;  0.005965;  0.003853; 0.00491; 0.0047
1956-05; -0.040328; -0.039663;-0.04092;-0.0499
1956-06;  0.017859;  0.022617; 0.02376; 0.0367
1956-07;  0.031442;  0.042943; 0.03948; 0.0506
1956-08; -0.021215; -0.015729;-0.01765;-0.0302
1956-09; -0.029874; -0.032404;-0.03564;-0.0496
1956-10;  0.004499;  0.008107; 0.00746; 0.0077
1956-11;  0.007679;  0.008268; 0.00747; 0.0055
1956-12;  0.025229;  0.026092; 0.02501;  0.034
1957-01;  0.015502; -0.004751;-0.00001; -0.033
1957-02; -0.021216; -0.022346;-0.02266;-0.0183
1957-03;  0.022757;  0.024998;  0.0217; 0.0236
1957-04;  0.029698;  0.024912;  0.0289; 0.0451
1957-05;  0.023146;  0.020138; 0.02249; 0.0372
1957-06; -0.008055; -0.008263;-0.00604;-0.0051
1957-07;  0.005823;  0.008019; 0.00612; 0.0096
1957-08; -0.048893; -0.049672;-0.04954;-0.0487
1957-09; -0.052069; -0.052053;-0.05239;-0.0573
1957-10; -0.065555; -0.065573;-0.06104;-0.0403
1957-11;  0.017513;   0.02349; 0.02019; 0.0259
1957-12; -0.039189; -0.047441;-0.04295;-0.0366
1958-01;  0.103875;  0.115254; 0.09572; 0.0493
1958-02; -0.004715; -0.006239;-0.00832;-0.0141
1958-03;  0.035454;  0.036091; 0.03551; 0.0336
1958-04;  0.036037;  0.033828; 0.03216; 0.0317
1958-05;  0.033683;  0.033974; 0.03765; 0.0243
1958-06;  0.030893;   0.03094;  0.0302; 0.0296
1958-07;  0.051275;  0.053159; 0.05346; 0.0446
1958-08;  0.029477;  0.027309; 0.02944; 0.0194
1958-09;   0.05379;  0.052141; 0.05243; 0.0485
1958-10;  0.032742;  0.033826; 0.03211; 0.0271
1958-11;  0.037148;  0.049617; 0.04165; 0.0312
1958-12;  0.038879;  0.033469; 0.03985; 0.0538
1959-01;  0.040746;  0.047625; 0.03999; 0.0092
1959-02;  0.027556;  0.031077;  0.0285; 0.0114
1959-03;  0.009067;  0.012927;  0.0124;  0.005
1959-04;  0.029883;  0.030221; 0.03092; 0.0386
1959-05;   0.00972;  0.011131; 0.00894; 0.0195
1959-06;  0.009541;  0.010009; 0.00716;      0
1959-07;  0.032144;  0.031721; 0.03145; 0.0343
1959-08; -0.017758; -0.013274;-0.01372;-0.0119
1959-09; -0.044232; -0.045157;-0.04521; -0.045
1959-10;  0.021801;  0.024532; 0.02124; 0.0158
1959-11;   0.01621;  0.019737; 0.01553; 0.0186
1959-12;  0.020636;  0.024483; 0.02206;  0.028
1960-01; -0.034254; -0.058312;-0.04194;-0.0665
1960-02;  0.002904;   0.01171; 0.01064; 0.0145
1960-03;  -0.02577; -0.022052;-0.02223;-0.0128
1960-04; -0.017908; -0.017076;-0.01819;-0.0152
1960-05;  0.021678;  0.025653; 0.02496; 0.0339
1960-06;  0.029322;  0.021143; 0.02427; 0.0232
1960-07; -0.019705; -0.019894;-0.01892;-0.0224
1960-08;  0.044056;  0.033517; 0.03696; 0.0317
1960-09; -0.057123; -0.060309;-0.05923;-0.0584
1960-10; -0.020074; -0.028779;-0.02142;-0.0049
1960-11;  0.052156;  0.055601; 0.04636; 0.0482
1960-12;  0.038778;  0.038114;  0.0386; 0.0489
1961-01;  0.078196;  0.080278;  0.0795; 0.0639
1961-02;  0.060149;  0.062604; 0.05926; 0.0371
1961-03;  0.051618;  0.053878; 0.05072; 0.0309
1961-04;   0.00932;  0.011318; 0.00945; 0.0046
1961-05;  0.038294;  0.042938;  0.0387; 0.0258
1961-06; -0.039906; -0.041114;-0.04181;-0.0288
1961-07;  0.007595;  0.011417; 0.01303; 0.0301
1961-08;  0.020485;  0.017693; 0.01991; 0.0271
1961-09;  -0.02536; -0.032363;-0.02904;-0.0198
1961-10;  0.026108;   0.02022; 0.02266; 0.0277
1961-11;  0.046201;  0.050144; 0.04862;  0.046
1961-12; -0.012631; -0.001979;-0.00477; 0.0002
1962-01; -0.005952; -0.026013; -0.0095;-0.0363
1962-02;  0.014804;  0.015668; 0.01536; 0.0201
1962-03; -0.005882; -0.008368;-0.00514;-0.0048
1962-04; -0.066047; -0.069218;-0.06726;-0.0637
1962-05; -0.101889; -0.092259;-0.09677;-0.0842
1962-06; -0.080828; -0.078399;-0.07965; -0.083
1962-07;  0.061507;  0.064462; 0.06526; 0.0654
1962-08;  0.028346;  0.027218; 0.02896; 0.0236
1962-09;  -0.06458; -0.067388;-0.06187;-0.0501
1962-10; -0.036431; -0.035865;-0.02086; 0.0021
1962-11;  0.133058;  0.120813;  0.1341; 0.1109
1962-12; -0.002483; -0.017965;-0.00686; 0.0124
1963-01;  0.095013;  0.080372; 0.07516; 0.0519
1963-02; -0.011919; -0.014553;-0.01421;-0.0217
1963-03;  0.029488;  0.021608; 0.02212; 0.0331
1963-04;  0.042877;  0.042608;  0.0404; 0.0476
1963-05;  0.037527;  0.041748; 0.03423;   0.02
1963-06; -0.016778; -0.015168;-0.01626;-0.0177
1963-07; -0.006483; -0.008946;-0.00941;-0.0012
1963-08;  0.049637;  0.051821; 0.04928; 0.0533
1963-09; -0.018092; -0.019763;-0.01708; -0.013
1963-10;  0.020836;  0.016389;   0.017; 0.0283
1963-11; -0.012401; -0.013334;-0.01073;-0.0059
1963-12;  0.009418;  0.009855; 0.00722; 0.0212
1964-01;  0.027745;    0.0211; 0.02179; 0.0254
1964-02;  0.020617;  0.025576; 0.02537; 0.0181
1964-03;  0.021331;   0.03392; 0.02833; 0.0172
1964-04; -0.005932; -0.003051;-0.00358; 0.0039
1964-05;  0.010065;  0.013297; 0.01456; 0.0167
1964-06;  0.013986;  0.012049;  0.0135; 0.0157
1964-07;  0.026735;   0.02463; 0.02572; 0.0204
1964-08; -0.009432; -0.009985;-0.00866;-0.0116
1964-09;  0.037701;  0.032173; 0.03399; 0.0297
1964-10;  0.014608;  0.015573; 0.01595; 0.0089
1964-11;  0.001535;  0.000813;  0.0009; 0.0028
1964-12;  0.001019; -0.008709;-0.00572; 0.0035
1965-01;  0.062215;    0.0596; 0.05679; 0.0382
1965-02;  0.028215;   0.03198; 0.02883; 0.0074
1965-03;  0.005887;  0.006855; 0.00449;-0.0098
1965-04;  0.039487;  0.042147; 0.03948; 0.0342
1965-05; -0.006361; -0.009403;-0.00647;-0.0047
1965-06; -0.078661; -0.086116;-0.07844;-0.0516
1965-07;  0.032224;  0.031953; 0.02976; 0.0175
1965-08;  0.053448;  0.043663; 0.04497; 0.0306
1965-09;  0.032491;  0.032368; 0.03181; 0.0317
1965-10;  0.065759;  0.051657; 0.05031; 0.0291
1965-11;  0.033466;  0.021154; 0.03676; 0.0032
1965-12;  0.027203;  0.038205; 0.03139; 0.0134
1966-01;  0.061159;  0.035726; 0.04352;  0.011
1966-02;  0.020473;  0.032778; 0.01889;-0.0086
1966-03; -0.007075; -0.019064;-0.01958;-0.0213
1966-04;  0.048967;  0.040301; 0.04312; 0.0247
1966-05; -0.075176; -0.097625;-0.08141;-0.0526
1966-06; -0.000804;  0.003356;-0.00013;-0.0106
1966-07; -0.013368; -0.013573; -0.0141;-0.0128
1966-08; -0.089281; -0.092724;-0.09298;-0.0753
1966-09; -0.013512; -0.013422;-0.01397;-0.0066
1966-10;  0.011257;  0.033774; 0.00791; 0.0431
1966-11;  0.036234;  0.035227; 0.03779; 0.0178
1966-12;  0.019679;  0.013845; 0.01892; 0.0053
1967-01;   0.17175;  0.161242; 0.13653; 0.0858
1967-02;  0.007432;   0.00728; 0.02429; 0.0113
1967-03;  0.055352;  0.047716; 0.05747; 0.0438
1967-04;  0.041527;  0.044022; 0.04129; 0.0421
1967-05; -0.009268; -0.023885;-0.01923;-0.0399
1967-06;  0.070304;  0.050201; 0.06291; 0.0269
1967-07;  0.061852;  0.077322;  0.0689;  0.049
1967-08; -0.001888; -0.000906;-0.00075;-0.0059
1967-09;  0.049396;   0.04711; 0.04544; 0.0342
1967-10; -0.029899; -0.026976;-0.03012;-0.0269
1967-11;  0.006087;  0.004056; 0.00663; 0.0073
1967-12;  0.077431;  0.090267; 0.06387; 0.0338
1968-01;  0.005521;  0.002346; -0.0108;-0.0363
1968-02; -0.060695; -0.051175;-0.04876;-0.0335
1968-03;  -0.00414; -0.005329;-0.00384; 0.0059
1968-04;  0.110326;  0.106461; 0.12691; 0.0945
1968-05;  0.055743;  0.077311; 0.06341; 0.0273
1968-06;  0.005631;  0.011685; 0.01078; 0.0113
1968-07; -0.032707; -0.038365;-0.03171;-0.0221
1968-08;  0.029172;  0.021571; 0.02889; 0.0177
1968-09;  0.062353;   0.04733; 0.06232; 0.0448
1968-10;  0.006113;  0.007307; 0.00855; 0.0087
1968-11;  0.071282;   0.06926; 0.07346; 0.0585
1968-12; -0.001485; -0.012744;-0.01569; -0.035
1969-01; -0.007634; -0.007187;-0.00764;-0.0072
1969-02; -0.086156; -0.080987;-0.07723; -0.054
1969-03;  0.027338;  0.026242; 0.02472; 0.0312
1969-04;   0.01049;  0.012009; 0.01367; 0.0199
1969-05;  0.000948;  0.002711; 0.00217; 0.0039
1969-06; -0.097795; -0.101025;-0.09903;-0.0668
1969-07; -0.081557; -0.088616;-0.08485;-0.0647
1969-08;  0.057731;  0.056431; 0.05591; 0.0519
1969-09; -0.013579; -0.018842;-0.01714;-0.0235
1969-10;  0.074324;  0.084376; 0.07976; 0.0566
1969-11;   -0.0646;  -0.05347;-0.04568;-0.0328
1969-12; -0.028313; -0.041824;-0.04131;-0.0199
1970-01; -0.070089;  -0.06826;-0.06144; -0.075
1970-02;   0.05598;  0.050224; 0.04864; 0.0576
1970-03;   -0.0153; -0.030718;-0.01662;-0.0049
1970-04; -0.154365; -0.133824;-0.14372;-0.1049
1970-05; -0.098328; -0.097365;-0.08926;-0.0637
1970-06; -0.055066; -0.050769;-0.06334;-0.0522
1970-07;  0.075606;  0.073234; 0.07169; 0.0744
1970-08;  0.064193;  0.064316; 0.06184; 0.0503
1970-09;  0.117546;  0.121187; 0.09727; 0.0472
1970-10;  -0.05596; -0.068775; -0.0457;-0.0181
1970-11;  0.008192;   0.01696; 0.03096; 0.0508
1970-12;  0.077868;  0.070807; 0.08046; 0.0616
1971-01;  0.089142;  0.131995; 0.09298; 0.0521
1971-02;  0.030135;  0.034375; 0.02989; 0.0174
1971-03;  0.050672;  0.041305; 0.05359; 0.0442
1971-04;  0.036996;  0.034085; 0.03509; 0.0343
1971-05; -0.042124; -0.041859;-0.04204; -0.037
1971-06; -0.001733; -0.006601; -0.0054; 0.0028
1971-07; -0.048042; -0.047666;-0.04979;-0.0409
1971-08;  0.045809;  0.050547; 0.04763; 0.0426
1971-09; -0.004626;    -0.004;-0.00495;-0.0049
1971-10; -0.048038; -0.047202;-0.05195;-0.0405
1971-11; -0.027002; -0.030508;-0.02081;-0.0009
1971-12;  0.108764;  0.103989; 0.11135; 0.0908
1972-01;  0.046764;  0.079758; 0.06169; 0.0276
1972-02;     0.039;  0.032933; 0.03431; 0.0312
1972-03;  0.001886;  0.007748; 0.00447; 0.0089
1972-04;   0.00611;  0.002835; 0.00497; 0.0058
1972-05;  0.006755;  0.001547;-0.00413; 0.0159
1972-06; -0.029726; -0.031316;-0.02941;-0.0214
1972-07; -0.026732; -0.028287;-0.02743;-0.0049
1972-08;   0.01142;  0.016377; 0.02181; 0.0356
1972-09; -0.022052; -0.021981;-0.02572; -0.008
1972-10; -0.005074; -0.003585;-0.00519; 0.0092
1972-11;  0.051321;  0.056006; 0.05769; 0.0497
1972-12; -0.011497; -0.015273;-0.00991; 0.0099
1973-01; -0.060585; -0.046198; -0.0513;-0.0283
1973-02; -0.068337;   -0.0747;-0.06721;-0.0443
1973-03; -0.024672; -0.021522;-0.02179;-0.0084
1973-04; -0.061063; -0.062438;-0.06425;-0.0516
1973-05;  -0.04632; -0.075016;-0.06202;-0.0246
1973-06; -0.032729; -0.026725;-0.02845;-0.0106
1973-07;  0.067078;  0.114368; 0.09849; 0.0568
1973-08; -0.032704; -0.048628;-0.03583;-0.0312
1973-09;    0.0924;  0.075381; 0.08863; 0.0542
1973-10; -0.004225; -0.001673;-0.00488;-0.0018
1973-11; -0.134608; -0.175934;-0.16276;-0.1222
1973-12; -0.005813; -0.001275;-0.00232; 0.0123
1974-01;  0.020601;  0.061051; 0.06033; 0.0047
1974-02;  0.001993;  0.002412; 0.00279; 0.0012
1974-03; -0.004263; -0.014251; -0.0153;-0.0226
1974-04; -0.058332; -0.056819;-0.05645;-0.0453
1974-05; -0.060775; -0.076313;-0.06895;-0.0395
1974-06; -0.033288;  -0.03581;-0.03072;-0.0224
1974-07; -0.050093; -0.047673;-0.05299;-0.0736
1974-08; -0.084826; -0.083973;-0.08807;-0.0879
1974-09; -0.087474; -0.097804; -0.0873;-0.1098
1974-10;  0.113007;  0.136697; 0.12534; 0.1662
1974-11; -0.033131;  -0.03437;-0.03859;-0.0399
1974-12; -0.056724; -0.045363;-0.04871;-0.0274
1975-01;  0.266186;  0.251495; 0.21868; 0.1425
1975-02;  0.049302;  0.047428; 0.04614; 0.0599
1975-03;   0.05157;  0.053841; 0.05539; 0.0307
1975-04;  0.036594;    0.0398; 0.04238; 0.0466
1975-05;  0.079495;  0.072236; 0.06664; 0.0564
1975-06;  0.072142;   0.05617; 0.06365; 0.0528
1975-07; -0.037317; -0.025921;-0.04031;-0.0612
1975-08; -0.048372; -0.052591; -0.0401;-0.0236
1975-09; -0.035419;  -0.03686;-0.03747;-0.0373
1975-10;    0.0507;  0.036308; 0.03781; 0.0588
1975-11;  0.030274;  0.020871; 0.02773; 0.0306
1975-12; -0.009437; -0.010689;-0.00763;-0.0112
1976-01;  0.168616;  0.178833; 0.16219; 0.1262
1976-02;  0.030067;  0.037978; 0.05632; 0.0065
1976-03;   0.01464;  0.022775; 0.01647; 0.0272
1976-04; -0.012535; -0.011476; -0.0111;-0.0107
1976-05; -0.014677; -0.010313;-0.01532;-0.0097
1976-06;  0.040931;  0.049984; 0.04277; 0.0449
1976-07; -0.004945; -0.002782;-0.00063;-0.0059
1976-08; -0.007017; -0.009925; -0.0118;-0.0015
1976-09;   0.02586;  0.025238; 0.02476;  0.025
1976-10; -0.021475; -0.021492;-0.02006;-0.0201
1976-11;  0.036044;  0.037013; 0.02966; 0.0076
1976-12;  0.091264;  0.085841; 0.08226; 0.0605
1977-01;  -0.00066;  0.012053;-0.00245;-0.0367
1977-02; -0.005539; -0.008701;-0.01296;-0.0159
1977-03;  0.000817;  0.002578; 0.00099;-0.0097
1977-04;  0.019507;  0.015122; 0.01519; 0.0053
1977-05; -0.000195; -0.001635;-0.00323; -0.011
1977-06;  0.061316;  0.060244; 0.05811; 0.0512
1977-07;  0.003853; -0.012598;-0.00536;-0.0127
1977-08; -0.009759; -0.010005;-0.00983;-0.0132
1977-09;  0.010549;  0.011218; 0.00761; 0.0016
1977-10; -0.029142; -0.029487;-0.03052; -0.039
1977-11;  0.063121;   0.07174; 0.06704;  0.045
1977-12;  0.017647;  0.018242; 0.01451; 0.0076
1978-01; -0.036394;  -0.04263;-0.03984;-0.0551
1978-02;  0.009252;  0.003278; 0.00695;-0.0093
1978-03;  0.049933;  0.056668; 0.05435; 0.0338
1978-04;  0.079138;  0.078326; 0.07831; 0.0841
1978-05;  0.053384;  0.052883; 0.04534; 0.0227
1978-06; -0.002868; -0.002924; -0.0016;-0.0115
1978-07;  0.052161;  0.059622; 0.05763; 0.0568
1978-08;  0.060207;  0.064708;  0.0659; 0.0434
1978-09; -0.009044;  -0.00967;-0.01109;-0.0082
1978-10; -0.172828; -0.177913;-0.16183;-0.1122
1978-11;  0.044122;  0.038132; 0.04528; 0.0341
1978-12;  0.016287;  0.016819; 0.01742; 0.0165
1979-01;    0.0695;  0.059659; 0.07083; 0.0499
1979-02; -0.024697; -0.026235; -0.0266;-0.0283
1979-03;  0.071044;  0.077829; 0.08327; 0.0648
1979-04;  0.017646;  0.007081; 0.01709; 0.0073
1979-05; -0.011495; -0.013089;-0.01173;-0.0138
1979-06;  0.060512;  0.051386; 0.05635; 0.0465
1979-07;  0.023897;  0.030425; 0.02695;  0.016
1979-08;  0.066561;  0.070136; 0.07132; 0.0631
1979-09;  -0.00361;  -0.00108;-0.00268;      0
1979-10; -0.103636; -0.091673;-0.09201;-0.0723
1979-11;  0.078358;  0.073247; 0.07577; 0.0621
1979-12;   0.04249;  0.036649; 0.04898; 0.0273
1980-01;  0.070789;  0.077498; 0.07172;  0.063
1980-02; -0.020939;  -0.01902;-0.01739;-0.0034
1980-03; -0.165095; -0.150913;-0.15141;-0.1169
1980-04;  0.063423;  0.053378; 0.06161; 0.0521
1980-05;  0.073309;  0.068732; 0.07473; 0.0607
1980-06;  0.044496;  0.044734; 0.04473; 0.0359
1980-07;  0.092041;  0.093104; 0.08885; 0.0704
1980-08;  0.050244;   0.03561; 0.04424; 0.0239
1980-09;  0.029847;  0.034817;  0.0332; 0.0294
1980-10;  0.042536;  0.042485; 0.02664; 0.0199
1980-11;  0.081733;   0.08562; 0.08432; 0.1056
1980-12; -0.032128; -0.027844; -0.0297;-0.0315
1981-01; -0.017677; -0.024429;-0.02219;-0.0402
1981-02;   0.02121;   0.00146; 0.01406; 0.0168
1981-03;  0.055539;  0.077726; 0.07325; 0.0488
1981-04; -0.002384;  0.020652; 0.01319;-0.0108
1981-05;   0.02663;  0.030048; 0.02545; 0.0128
1981-06; -0.016409; -0.016647;-0.01619;-0.0099
1981-07;  -0.01865; -0.012747; -0.0158;-0.0031
1981-08; -0.068916; -0.062484;-0.06589;-0.0574
1981-09; -0.076261; -0.071803;  -0.071;-0.0595
1981-10;  0.072768;  0.071809; 0.07171; 0.0613
1981-11;  0.039971;   0.03584; 0.03647; 0.0447
1981-12; -0.021292; -0.021499;-0.02152;-0.0276
1982-01; -0.035893; -0.034776;-0.03122;-0.0243
1982-02; -0.043048; -0.045348;-0.04395;-0.0494
1982-03; -0.008924; -0.010565;-0.00816;-0.0084
1982-04;  0.050638;  0.053566; 0.05144; 0.0437
1982-05; -0.028998; -0.031268;-0.02979;-0.0287
1982-06; -0.023511; -0.023549;-0.02416;-0.0212
1982-07; -0.017895; -0.019015;-0.02035;-0.0215
1982-08;  0.117472;  0.097537; 0.09945; 0.1199
1982-09;  0.036049;  0.027776; 0.03199; 0.0182
1982-10;  0.146489;  0.140712; 0.13459; 0.1189
1982-11;  0.082575;   0.09793; 0.07551; 0.0531
1982-12;  0.013765;  0.012041; 0.01103; 0.0123
1983-01;  0.068678;  0.084798;  0.0552; 0.0428
1983-02;   0.04513;  0.048536; 0.04496; 0.0321
1983-03;  0.040292;  0.039391; 0.04072; 0.0344
1983-04;  0.077093;  0.075924;  0.0736; 0.0737
1983-05;  0.046255;  0.038142; 0.04567;  0.012
1983-06;  0.038299;   0.04221; 0.03997; 0.0374
1983-07; -0.025105; -0.026361;-0.02954;-0.0332
1983-08; -0.022135; -0.026397;-0.01775; 0.0026
1983-09;  0.012657;   0.02218; 0.01982; 0.0168
1983-10; -0.055778; -0.053004;-0.04544;-0.0267
1983-11;  0.036572;  0.039766; 0.03964; 0.0287
1983-12; -0.016704; -0.013903;-0.01544;-0.0104
1984-01;  -0.02111; -0.018722;-0.01772;-0.0116
1984-02; -0.054147; -0.041623; -0.0503;-0.0406
1984-03;  0.015609;  0.015518; 0.01289; 0.0138
1984-04; -0.004507; -0.007622;-0.00557;  0.003
1984-05; -0.051903; -0.054145;-0.05245; -0.052
1984-06;  0.035015;  0.032375; 0.02978; 0.0256
1984-07; -0.035951; -0.029239; -0.0335; -0.019
1984-08;   0.11509;  0.109984;  0.1136;  0.111
1984-09; -0.002327;  0.000775;-0.00032; 0.0006
1984-10; -0.009701; -0.011131;-0.00515; 0.0016
1984-11; -0.023587; -0.015674;-0.01338;-0.0104
1984-12;  0.025389;  0.025363; 0.02264; 0.0249
1985-01;  0.084229;  0.102499; 0.10495; 0.0862
1985-02;  0.028565;  0.021073;  0.0206;  0.018
1985-03; -0.011839; -0.004137;-0.00809;-0.0021
1985-04; -0.001013; -0.001844;-0.00406;-0.0024
1985-05;     0.064;  0.046568; 0.04792; 0.0573
1985-06;  0.024626;  0.019144; 0.02056; 0.0182
1985-07;  0.004716;  0.013402; 0.01199; -0.001
1985-08;  -0.00536; -0.004268;-0.00488;-0.0046
1985-09; -0.050451; -0.048023;-0.04928;-0.0391
1985-10;  0.052051;  0.040935; 0.04193; 0.0465
1985-11;     0.067;  0.072183; 0.06942; 0.0707
1985-12;   0.03942;  0.042374; 0.04185; 0.0453
1986-01;  0.026671;  0.020036; 0.02062; 0.0121
1986-02;  0.074039;  0.076759; 0.07481; 0.0767
1986-03;  0.048648;  0.054913; 0.05179; 0.0551
1986-04;   0.00202;  0.006526; 0.00315;-0.0076
1986-05;   0.04126;  0.042017; 0.04632; 0.0511
1986-06;  0.012455;  0.012964; 0.01232; 0.0158
1986-07; -0.072181; -0.071569;-0.07401;-0.0591
1986-08;  0.057369;  0.031943; 0.04826; 0.0653
1986-09; -0.067039; -0.070512;-0.06994;-0.0814
1986-10;  0.056835;  0.028651; 0.04095;  0.051
1986-11; -0.002614;  0.000147; 0.00297; 0.0156
1986-12; -0.032945; -0.029143;-0.02975;-0.0277
1987-01;  0.113994;   0.12247;  0.1207; 0.1287
1987-02;  0.074459;   0.06684; 0.06449; 0.0481
1987-03;  0.016318;  0.020281; 0.01851;  0.021
1987-04; -0.020289;  -0.02202;-0.02318;-0.0165
1987-05;    0.0004;  -0.00232; 0.00088; 0.0049
1987-06;  0.030521;  0.034402; 0.03261; 0.0439
1987-07;  0.041682;   0.03315; 0.03807;  0.043
1987-08;   0.03251;  0.029636; 0.03268; 0.0399
1987-09; -0.021332; -0.016472;-0.01977;-0.0213
1987-10; -0.251778; -0.263309;-0.26376;-0.2259
1987-11; -0.048839; -0.052006;-0.05446;-0.0741
1987-12;  0.082172;  0.079535; 0.07214; 0.0721
1988-01;  0.044727;  0.042861;  0.0463;  0.045
1988-02;  0.062493;  0.073643; 0.06885; 0.0523
1988-03;  0.005452; -0.004425;  0.0146;-0.0182
1988-04;  0.006716;  0.012425; 0.01251; 0.0103
1988-05; -0.011873;  -0.02236;-0.01003; 0.0024
1988-06;  0.061425;  0.065945; 0.06133; 0.0527
1988-07; -0.008634; -0.007889;-0.01034;-0.0074
1988-08; -0.022586; -0.024693;-0.02431;-0.0272
1988-09;  0.027182;  0.035369;  0.0303; 0.0393
1988-10;  0.003148;   0.01005; 0.00092; 0.0177
1988-11; -0.026918; -0.032429; -0.0261; -0.017
1988-12;  0.031897;  0.028303; 0.02809; 0.0211
1989-01;  0.054391;  0.059328; 0.05525; 0.0662
1989-02; -0.002789;   0.00413;-0.00017;-0.0162
1989-03;   0.02117;   0.02488; 0.02104; 0.0224
1989-04;  0.041948;  0.046514; 0.04544; 0.0502
1989-05;  0.041821;  0.037447; 0.03917; 0.0407
1989-06;  -0.01136; -0.014616;-0.00974;-0.0062
1989-07;  0.049891;  0.050167; 0.05569; 0.0788
1989-08;  0.031406;  0.029523; 0.02822; 0.0217
1989-09;  0.001508; -0.001962;-0.00244;-0.0011
1989-10; -0.057149; -0.053203;-0.04872;-0.0297
1989-11;  0.006259;  0.007624;  0.0089; 0.0173
1989-12;   0.00123;  0.007428; 0.00625; 0.0179
1990-01; -0.077426; -0.082295;-0.07729;-0.0723
1990-02;  0.023425;  0.018355; 0.02287; 0.0169
1990-03;  0.027367;   0.02108; 0.02776; 0.0247
1990-04; -0.035079; -0.039914;-0.03442;-0.0267
1990-05;  0.065458;  0.074666; 0.07776; 0.0911
1990-06;  0.004465; -0.004609;-0.00283;-0.0046
1990-07; -0.037535; -0.035474;-0.03078;-0.0122
1990-08; -0.124661; -0.117947;-0.11382;-0.0946
1990-09; -0.065549; -0.083691;-0.07735;-0.0551
1990-10; -0.038322; -0.045626;-0.04233;-0.0124
1990-11;   0.07529;  0.080653; 0.07203; 0.0692
1990-12;  0.042808;  0.029689; 0.03368; 0.0306
1991-01;  0.077387;   0.07864; 0.07047; 0.0521
1991-02;  0.103164;  0.097777; 0.09896; 0.0767
1991-03;  0.062957;  0.074952; 0.05182;  0.031
1991-04;  0.006131;   0.00953; 0.00654; 0.0025
1991-05;   0.04007;  0.038452; 0.04262; 0.0413
1991-06; -0.041679;  -0.04256;-0.04447;-0.0452
1991-07;  0.047506;  0.036739; 0.04329; 0.0473
1991-08;  0.035571;    0.0274; 0.03205; 0.0278
1991-09; -0.004978;  0.001783;-0.00145;-0.0113
1991-10;  0.023148;   0.02395; 0.02409; 0.0171
1991-11;  -0.04381; -0.045007;-0.04108;-0.0381
1991-12;   0.11092;  0.094841; 0.09319; 0.1123
1992-01;  0.104608;  0.045312; 0.05158;-0.0025
1992-02;  0.033378;  0.024573; 0.02582; 0.0136
1992-03; -0.023795; -0.030315;-0.02758;-0.0231
1992-04; -0.014481; -0.006133;-0.01466; 0.0141
1992-05;  0.005011;  0.003412; 0.00531; 0.0058
1992-06; -0.032446; -0.024396;  -0.031;-0.0201
1992-07;  0.041306;  0.039396; 0.03847; 0.0409
1992-08; -0.030905; -0.024919;-0.02616;-0.0212
1992-09;  0.019348;   0.02118; 0.01899; 0.0145
1992-10;  0.031559;   0.02144; 0.02647; 0.0125
1992-11;  0.054626;  0.056834; 0.06497; 0.0437
1992-12;  0.032552;  0.024389; 0.03023; 0.0181
1993-01;  0.031291;  0.035715; 0.02746; 0.0116
1993-02; -0.018043; -0.026252;-0.01329; 0.0034
1993-03;  0.030826;    0.0325; 0.03247; 0.0257
1993-04; -0.029616; -0.027866;-0.02711;-0.0281
1993-05;  0.039051;  0.045304; 0.03937; 0.0311
1993-06;  0.007776;  0.004437;  0.0069; 0.0055
1993-07;  0.004903;  0.008453; 0.00657; -0.001
1993-08;  0.048043;  0.042348; 0.04331; 0.0397
1993-09;  0.013459;  0.019991; 0.01635; 0.0014
1993-10;  0.027772;  0.022778; 0.02104; 0.0164
1993-11; -0.025491; -0.026939;-0.02624;-0.0162
1993-12;  0.023647;   0.03611; 0.02814; 0.0188
1994-01;  0.031289;  0.028283; 0.03141; 0.0312
1994-02; -0.013238; -0.007476;-0.01118;-0.0234
1994-03; -0.046486; -0.053134; -0.0487;-0.0452
1994-04; -0.003157;  0.003561; 0.00238; 0.0095
1994-05; -0.012447; -0.008772;-0.00411;  0.009
1994-06;  -0.02672; -0.032155;-0.02895;-0.0273
1994-07;  0.025006;  0.027835; 0.02476;  0.031
1994-08;  0.050224;  0.052193;  0.0502; 0.0439
1994-09;  -0.01635; -0.011148;-0.00787;-0.0191
1994-10;  0.000895;   0.01168; 0.00671; 0.0173
1994-11;  -0.04924;  -0.04288;-0.04058;-0.0366
1994-12;  0.012053;  0.010435; 0.01162;  0.013
1995-01;  0.007821;   0.01739; 0.00948; 0.0222
1995-02;  0.044023;  0.044132; 0.04253; 0.0403
1995-03;   0.02131;  0.025017; 0.02428; 0.0265
1995-04;  0.023667;  0.021243;   0.021; 0.0255
1995-05;  0.022924;    0.0151; 0.02327; 0.0344
1995-06;  0.040468;  0.047608;  0.0471; 0.0319
1995-07;   0.05574;  0.059692; 0.05625; 0.0416
1995-08;  0.022438;   0.02451; 0.02096; 0.0102
1995-09;   0.02602;  0.023555; 0.02436; 0.0379
1995-10;  -0.03751; -0.038857;-0.03343;-0.0104
1995-11;  0.045224;  0.035512;  0.0408; 0.0438
1995-12;  0.015099;  0.019235; 0.01616; 0.0153
1996-01;  0.015863;  0.004958; 0.01133; 0.0269
1996-02;  0.027822;  0.032101; 0.02794; 0.0172
1996-03;  0.022125;  0.024335; 0.02089; 0.0113
1996-04;  0.034142;   0.06828; 0.04752; 0.0252
1996-05;  0.041978;   0.02202; 0.03717; 0.0278
1996-06; -0.027814; -0.030111;-0.02746;-0.0073
1996-07; -0.075817; -0.082385;-0.07865;-0.0551
1996-08;  0.058177;  0.052398; 0.04974; 0.0318
1996-09;  0.046958;  0.049817; 0.04393; 0.0545
1996-10; -0.001351; -0.013183;-0.00848; 0.0129
1996-11;  0.043568;   0.02999; 0.04502; 0.0666
1996-12;   0.01146;  0.007913; 0.00417;-0.0124
1997-01;  0.023744;   0.04556; 0.03752; 0.0541
1997-02; -0.025511; -0.016966;-0.01415;-0.0009
1997-03; -0.049541;  -0.05263;-0.04806;-0.0459
1997-04;  0.013774;  0.013593; 0.00828; 0.0447
1997-05;  0.092612;   0.09192; 0.09456; 0.0722
1997-06;  0.043573;  0.043779; 0.04626; 0.0447
1997-07;  0.052076;  0.069854; 0.06315; 0.0774
1997-08;  0.009032; -0.004419; 0.01067;-0.0369
1997-09;  0.070512;  0.071513; 0.07104; 0.0578
1997-10;  -0.04335; -0.037632; -0.0395;-0.0338
1997-11;  0.017684; -0.005582; 0.00226; 0.0338
1997-12;  0.018316;  0.012268;  0.0114; 0.0181
1998-01;  -0.00897; -0.010487;-0.00812; 0.0058
1998-02;  0.080078;  0.082714; 0.07561; 0.0742
1998-03;  0.048332;  0.046115; 0.04837; 0.0515
1998-04;  0.010478;  0.009791; 0.01154; 0.0117
1998-05; -0.047593; -0.043408;-0.04375;-0.0267
1998-06;  0.023102;  -0.00211; 0.01059;  0.036
1998-07;  -0.06216; -0.043037;-0.05832;-0.0202
1998-08; -0.182504; -0.193434;-0.18903;-0.1562
1998-09;  0.066081;   0.06593; 0.06006; 0.0665
1998-10;  0.064648;  0.057669; 0.05157;  0.073
1998-11;  0.061327;  0.060657; 0.06282; 0.0638
1998-12;  0.048611;  0.040427; 0.05456; 0.0653
1999-01;  0.011019;  0.042843; 0.02005; 0.0383
1999-02; -0.055225; -0.049888;-0.06016;-0.0373
1999-03;  0.002463; -0.013908; 0.01608; 0.0391
1999-04;   0.09134;  0.079019; 0.08222; 0.0471
1999-05; -0.003354;  0.007351; 0.00689;-0.0212
1999-06;  0.057824;  0.061323; 0.05698; 0.0517
1999-07; -0.017025;  -0.01248;-0.01492;-0.0311
1999-08; -0.021962; -0.029207;-0.02831;-0.0098
1999-09;  -0.01012;  -0.01997;-0.01128;-0.0238
1999-10;  0.027484;  0.037986; 0.02421; 0.0648
1999-11;  0.069989;  0.075101; 0.06627; 0.0377
1999-12;  0.118438;  0.107491; 0.10746;  0.081
2000-01;  0.012753; -0.005331;-0.01339;-0.0433
2000-02;  0.155156;  0.105069;  0.1476; 0.0289
2000-03; -0.005046; -0.008638;-0.01867; 0.0568
2000-04; -0.101207; -0.083295;-0.08036;-0.0593
2000-05;  -0.05853; -0.035365;-0.05381;-0.0389
2000-06;  0.105293;   0.10351; 0.09472; 0.0508
2000-07; -0.022948; -0.025392;-0.02368;  -0.02
2000-08;  0.067264;  0.070004; 0.07286; 0.0753
2000-09; -0.040079;  -0.02659;-0.03738;-0.0493
2000-10; -0.027841;  -0.05208;-0.04429;-0.0222
2000-11; -0.099813; -0.101015;-0.09756;-0.1019
2000-12;  0.046705;  0.059037; 0.05312; 0.0168
2001-01;  0.061979;   0.10012; 0.07264; 0.0379
2001-02; -0.060939;  -0.05197;-0.06188;-0.0965
2001-03; -0.047104; -0.059765;-0.04884;-0.0683
2001-04;  0.088181;  0.077355; 0.07596; 0.0832
2001-05;   0.02532;   0.04985; 0.04291;   0.01
2001-06;  0.026372; -0.004198; 0.01966;-0.0166
2001-07;  -0.03998; -0.033063;-0.03685;-0.0183
2001-08; -0.039035; -0.041662;-0.04396;-0.0609
2001-09;  -0.13061; -0.109947;-0.12981;-0.0896
2001-10;  0.062696;    0.0698; 0.05656;  0.027
2001-11;  0.082265;   0.07257; 0.08013;  0.077
2001-12;  0.057455;  0.062086; 0.05417; 0.0176
2002-01;  0.009883; -0.009753;-0.00644; -0.013
2002-02; -0.024935; -0.037815;-0.02611;-0.0217
2002-03;  0.067372;   0.06854; 0.07113; 0.0437
2002-04; -0.016407;   0.00326;-0.00688;-0.0506
2002-05; -0.029416; -0.022756;-0.02525;-0.0122
2002-06; -0.045949; -0.065957;-0.05472; -0.071
2002-07; -0.100895; -0.108671; -0.1185;-0.0804
2002-08;  0.004917; -0.009322; 0.00259; 0.0064
2002-09; -0.086709; -0.101902;-0.08619; -0.102
2002-10;  0.043564;   0.04614; 0.04944; 0.0798
2002-11;  0.093017;  0.086429; 0.08805; 0.0608
2002-12; -0.051948;  -0.05428;-0.05305;-0.0565
2003-01; -0.021315; -0.008644;-0.02022;-0.0247
2003-02;  -0.03016; -0.032735;-0.02394;-0.0179
2003-03;  0.009283;  0.013597; 0.01151; 0.0119
2003-04;   0.09439;  0.091015; 0.09094; 0.0828
2003-05;  0.120687;  0.113567; 0.10078; 0.0614
2003-06;  0.025366;  0.015904; 0.02317; 0.0152
2003-07;  0.040156;  0.047377; 0.05113;  0.024
2003-08;  0.049348;  0.047635; 0.04471;  0.024
2003-09; -0.017753; -0.001919;-0.01008;-0.0116
2003-10;  0.079761;  0.081073; 0.08142; 0.0615
2003-11;  0.034614;  0.036126; 0.03143; 0.0142
2003-12;  0.028808;  0.024412; 0.02784; 0.0437
2004-01;  0.043459;  0.046621; 0.03934; 0.0222
2004-02;  0.013418;  0.011153;  0.0132; 0.0146
2004-03; -0.003657;  0.002703; 0.00002;-0.0123
2004-04; -0.043001;  -0.04316;-0.03501;-0.0173
2004-05;  0.014041;  0.011543; 0.01361; 0.0124
2004-06;   0.03882;  0.034501; 0.03271; 0.0193
2004-07; -0.054893; -0.059905;-0.05845;-0.0394
2004-08; -0.011987; -0.001343;-0.00641; 0.0018
2004-09;  0.043081;  0.038285; 0.03936; 0.0171
2004-10;  0.025719;  0.019132; 0.02087; 0.0153
2004-11;  0.069924;  0.071893; 0.07226; 0.0468
2004-12;  0.039569;  0.042069; 0.03885; 0.0358
2005-01;  -0.02724; -0.032889;-0.03088;-0.0259
2005-02;  0.028458;   0.01577; 0.02101; 0.0204
2005-03; -0.010506; -0.022085;-0.02085;-0.0173
2005-04; -0.045228; -0.052003;-0.04693; -0.024
2005-05;  0.056526;  0.052961; 0.05576; 0.0389
2005-06;  0.033729;  0.024054; 0.03001; 0.0081
2005-07;   0.05664;   0.05957; 0.05814; 0.0416
2005-08;  -0.01316; -0.012669;-0.01163; -0.009
2005-09;  0.010719;  0.009815; 0.00847; 0.0077
2005-10; -0.031449; -0.025939;-0.02762;-0.0177
2005-11;  0.039495;  0.048798;  0.0455; 0.0392
2005-12;  0.003374;   0.00541; 0.00367; 0.0008
2006-01;  0.073973;  0.072205; 0.06608; 0.0338
2006-02; -0.004516; -0.001912; -0.0019; 0.0004
2006-03;  0.041118;  0.042141; 0.03533; 0.0184
2006-04;  0.013027;   0.00672; 0.00791; 0.0109
2006-05; -0.047966; -0.052964; -0.0447;-0.0313
2006-06; -0.000896;  0.000159;-0.00201; 0.0005
2006-07; -0.034692; -0.022912;-0.02908;-0.0037
2006-08;  0.023167;  0.024371; 0.02531; 0.0245
2006-09;  0.012575;   0.01503; 0.01377; 0.0225
2006-10;  0.051473;  0.048603; 0.04678; 0.0363
2006-11;  0.033887;   0.03177; 0.02924; 0.0212
2006-12;  0.003005;  0.008214; 0.00697; 0.0125
2007-01;  0.026843;  0.020099; 0.02237; 0.0182
2007-02; -0.002276; -0.003916;-0.00304;-0.0158
2007-03;  0.013207;  0.012269; 0.01137; 0.0114
2007-04;  0.032171;  0.023614;  0.0306; 0.0393
2007-05;  0.036547;  0.043477; 0.03866; 0.0364
2007-06; -0.012609; -0.012833;-0.01241;-0.0156
2007-07; -0.053482; -0.057255;-0.05052;-0.0332
2007-08; -0.001891;    0.0114; 0.00625; 0.0136
2007-09;   0.02647;  0.023722;  0.0229; 0.0354
2007-10;  0.022394;  0.020984; 0.02066; 0.0211
2007-11; -0.052732;  -0.05221; -0.0613;-0.0446
2007-12; -0.009016; -0.007129; -0.0063; -0.006
2008-01; -0.058529; -0.066401;-0.06438;-0.0612
2008-02; -0.024623; -0.034868;-0.02875;-0.0296
2008-03; -0.016107; -0.002525;-0.00912;-0.0077
2008-04;  0.056515;  0.052869; 0.04673; 0.0479
2008-05;  0.038903;  0.048904; 0.04212; 0.0205
2008-06; -0.071572; -0.071694;-0.07835;-0.0826
2008-07;  0.013785;  0.045965; 0.01171; -0.006
2008-08;  0.028304;  0.030298; 0.03075; 0.0166
2008-09; -0.098404; -0.090858;-0.09666; -0.092
2008-10; -0.207953; -0.208144;-0.20149;-0.1712
2008-11; -0.099939; -0.106064;-0.10647;-0.0771
2008-12;  0.037219;  0.046222; 0.04021; 0.0177
2009-01; -0.083098; -0.075166;-0.08907;-0.0809
2009-02; -0.114858; -0.117281;  -0.108;-0.1013
2009-03;  0.101454;  0.096525; 0.09515; 0.0903
2009-04;  0.143737;   0.11854; 0.14692; 0.1018
2009-05;  0.035619;  0.040918; 0.04047; 0.0521
2009-06;   0.03522;  0.009358; 0.01635; 0.0043
2009-07;   0.09942;   0.09983; 0.09352; 0.0775
2009-08;  0.036595;  0.036954; 0.04157; 0.0334
2009-09;  0.063133;  0.068475; 0.06065; 0.0409
2009-10; -0.063451; -0.062039;-0.05663;-0.0253
2009-11;  0.038913;  0.047002; 0.03789; 0.0563
2009-12;  0.055337;  0.045085; 0.06624; 0.0281
2010-01;  -0.03185; -0.024845;-0.03171;-0.0335
2010-02;  0.048307;  0.051207; 0.04662; 0.0339
2010-03;  0.068336;  0.075915; 0.07576; 0.0631
2010-04;  0.027098;  0.072293;  0.0504;   0.02
2010-05; -0.080183; -0.080192;-0.07719;-0.0789
2010-06; -0.078284; -0.077833; -0.0712;-0.0555
2010-07;  0.069694;  0.069864; 0.06779; 0.0693
2010-08; -0.048573; -0.053783;-0.06359;-0.0477
2010-09;  0.124459;  0.120857; 0.11517; 0.0956
2010-10;  0.029379;  0.035733;  0.0396; 0.0388
2010-11;  0.025031;  0.032463;  0.0284;  0.006
2010-12;  0.077537;  0.084928; 0.07683; 0.0683
2011-01;  0.010365;   0.00508; 0.01043; 0.0199
2011-02;  0.042364;  0.048982; 0.04701; 0.0349
2011-03;  0.027106;   0.01729; 0.02116; 0.0046
2011-04;  0.020836;  0.018639;  0.0255;  0.029
2011-05; -0.019948; -0.013803;-0.01619;-0.0127
2011-06; -0.018129;  -0.01773;-0.01851;-0.0174
2011-07; -0.037041; -0.039297;-0.03436;-0.0235
2011-08; -0.072525; -0.089152;-0.08314;-0.0595
2011-09; -0.102426; -0.105542;-0.10189;-0.0758
2011-10;  0.130383;  0.131959; 0.13666; 0.1133
2011-11; -0.002455; -0.003727;-0.00508;-0.0027
2011-12;  0.002303;   0.00693; 0.00211; 0.0075
2012-01;  0.070649;  0.077925;  0.0659; 0.0505
2012-02;  0.035575;  0.022987; 0.03636; 0.0442
2012-03;     0.028;  0.026972;  0.0252; 0.0312
2012-04; -0.008709; -0.015973;-0.01149;-0.0085
2012-05; -0.072669;  -0.06807;-0.06738;-0.0616
2012-06;  0.043545;  0.044769; 0.04072; 0.0389
2012-07; -0.008832; -0.005187;-0.00926; 0.0079
2012-08;  0.032102;  0.031787; 0.03227; 0.0255
2012-09;  0.040471;  0.038926; 0.03215; 0.0274
2012-10;  -0.02146; -0.021948;-0.01788;-0.0175
2012-11;   0.00907;  0.011014; 0.01177; 0.0079
2012-12;  0.023725;  0.030563; 0.02713; 0.0119
2013-01;  0.065688;  0.059018; 0.06452; 0.0557
2013-02;  0.009956;   0.01455; 0.01253; 0.0128
2013-03;   0.04724;  0.046988; 0.04684; 0.0404
2013-04; -0.003592;  0.001351; 0.00278; 0.0156
2013-05;  0.042175;  0.037447; 0.04406;  0.028
2013-06;   -0.0073; -0.003296; -0.0047; -0.012
2013-07;  0.068303;  0.074226;  0.0695; 0.0565
2013-08;  -0.02686; -0.027906;-0.02669;-0.0271
2013-09;  0.048668;  0.056271;  0.0561; 0.0377
2013-10;  0.031704;  0.022172; 0.02995; 0.0417
2013-11;  0.029277;  0.044385; 0.03614; 0.0311
2013-12;  0.022576;  0.026823; 0.02626; 0.0281
2014-01; -0.020351; -0.027005;-0.02477;-0.0332
2014-02;  0.049392;  0.051711;   0.051; 0.0466
2014-03;  0.000855;  0.002085;-0.00315; 0.0043
2014-04; -0.020837; -0.029037;-0.02674;-0.0018
2014-05;  0.012778;  0.014031; 0.01013; 0.0205
2014-06;  0.044933;  0.046709; 0.04626;  0.026
2014-07; -0.025884; -0.057085; -0.0469;-0.0203
2014-08;  0.044167;  0.043936; 0.04698; 0.0424
2014-09; -0.039858; -0.040714;-0.04408;-0.0196
2014-10;  0.026112;   0.05284;  0.0414; 0.0251
2014-11;  0.011487;  0.026294; 0.01133; 0.0256
2014-12;  0.010703;  0.023479;  0.0178;-0.0005
2015-01; -0.038366; -0.030734;-0.03257; -0.031
2015-02;  0.055388;  0.068449; 0.06556; 0.0613
2015-03;  0.000249;  0.012737; 0.00748;-0.0111
2015-04; -0.001457; -0.018969;-0.01254; 0.0059
2015-05;  0.025478;  0.023789; 0.02037; 0.0137
2015-06; -0.012411;  -0.00767;  0.0002;-0.0152
2015-07;  0.004862; -0.010405;-0.01324; 0.0157
2015-08; -0.053047; -0.058394; -0.0554;-0.0602
2015-09; -0.051872; -0.044222; -0.0507;-0.0306
2015-10;  0.056931;   0.06095; 0.05995; 0.0775
2015-11;  0.016325;  0.019263;   0.022; 0.0057
2015-12; -0.047427; -0.046952;-0.04138;-0.0214
2016-01; -0.098024; -0.094968;-0.08318;-0.0573
2016-02;  0.004368;  0.009537;  0.0053;-0.0004
2016-03;  0.072705;  0.073839;  0.0758; 0.0697
2016-04;  0.023065;  0.028201; 0.02046; 0.0093
2016-05;  0.014032;  0.015468;  0.0154; 0.0179
2016-06; -0.007361; -0.003062;-0.00354;-0.0001
2016-07;  0.042828;  0.052122; 0.05237; 0.0396
2016-08;  0.016234;  0.009934;  0.0167; 0.0051
2016-09;  0.010536;  0.017934; 0.01496; 0.0029
2016-10; -0.039829;  -0.05128;-0.04215;-0.0199
2016-11;  0.067185;  0.098549;  0.0931; 0.0487
2016-12;  0.012543;  0.012107; 0.02007; 0.0184
2017-01;  0.009316;  0.007602; 0.01265; 0.0198
2017-02;  0.026097;  0.015975; 0.02155; 0.0359
2017-03;  0.002671;   0.00172; 0.00415;  0.002
2017-04;  0.012649;  0.007773;  0.0104; 0.0113
2017-05; -0.001051; -0.017142;-0.00865; 0.0113
2017-06;  0.026145;  0.033538;  0.0281; 0.0085
2017-07;  0.013654;  0.009628; 0.00861; 0.0195
2017-08; -0.011144; -0.012667;-0.01031; 0.0027
2017-09;  0.033263;   0.04426; 0.05529; 0.0258
2017-10;  0.020599;  0.011067; 0.01119; 0.0235
2017-11;  0.030939;  0.030695;  0.0329;  0.032
2017-12;  0.008026;  0.006079; 0.00688; 0.0115
2018-01;  0.039858;  0.033385; 0.03678; 0.0569
2018-02; -0.033338; -0.034507; -0.0361;-0.0353
2018-03; -0.007648;  0.008414; 0.00349;-0.0223
2018-04;  0.003828;   0.00345; 0.00656; 0.0041
2018-05;  0.035824;   0.06224; 0.04947;  0.028
2018-06;  0.005973;  0.010018; 0.00769; 0.0063
2018-07;  0.017278;  0.016536;  0.0182; 0.0336
2018-08;  0.043151;  0.041836; 0.03869; 0.0361
2018-09;  -0.01291; -0.019422;-0.01432; 0.0021
2018-10; -0.101207; -0.109986;-0.10018;-0.0746
2018-11;  0.007953;  0.011515; 0.01379; 0.0189
2018-12; -0.111525; -0.114493; -0.1127;-0.0936
2019-01;  0.103314;  0.102763; 0.10641; 0.0858
2019-02;  0.052949;  0.050358; 0.05131;  0.036
2019-03; -0.013413; -0.004557;-0.01099; 0.0129
2019-04;  0.035246;  0.029112; 0.03497; 0.0418
2019-05; -0.069875; -0.075007;-0.07396;-0.0671
2019-06;  0.076196;  0.066893; 0.07204;  0.071
2019-07;  0.008846;   0.00604; 0.00274; 0.0142
2019-08; -0.050236; -0.045831; -0.0479;-0.0239
2019-09;  0.015199;  0.018437; 0.01937; 0.0159
2019-10;  0.010307;  0.011269; 0.01407; 0.0222
2019-11;  0.043057;  0.049449; 0.04463; 0.0399
2019-12;  0.045152;  0.033067;  0.0347; 0.0291
2020-01; -0.031838; -0.044791;-0.02694; 0.0002
2020-02; -0.085698; -0.085393;-0.08162;-0.0803
2020-03; -0.163003; -0.195198; -0.2013;-0.1325
2020-04;  0.149031;   0.16017; 0.15214;  0.136
2020-05;  0.061373;  0.075163;  0.0718; 0.0558
2020-06;  0.034035;  0.026077; 0.03599; 0.0246
2020-07;   0.02271;   0.02458; 0.03716; 0.0584
2020-08;  0.069435;    0.0487; 0.05371; 0.0763
2020-09;  -0.03404; -0.027547; -0.0294;-0.0363
2020-10;  0.011231;   0.01918;  0.0118;-0.0207
2020-11;  0.178366;  0.188287; 0.17525; 0.1246
2020-12;  0.057455;  0.071975; 0.07668; 0.0464
2021-01;  0.049639;   0.10004; 0.05561;-0.0007
2021-02;  0.074707;   0.09394; 0.06766; 0.0281
2021-03;  0.030198;  0.027748; 0.02434; 0.0316
2021-04;   0.02754;  0.027817; 0.02856; 0.0495
2021-05;  0.017392;  0.009565; 0.01115;  0.003
2021-06;  0.019493;  0.020671; 0.01792; 0.0274
2021-07; -0.033188; -0.019683;-0.02481; 0.0134
2021-08;  0.027074;  0.024721; 0.02568; 0.0294
2021-09; -0.033818; -0.031471;-0.03308; -0.044
2021-10;  0.053328;  0.031862; 0.04315; 0.0663
2021-11; -0.036971; -0.023847;-0.03976;-0.0158
2021-12;  0.016898;  0.027726; 0.02469; 0.0324
2022-01; -0.076176; -0.082655;-0.07811;-0.0616
2022-02; -0.013206;  0.004544; 0.00357;-0.0228
2022-03;  0.022514;  0.021169; 0.01564; 0.0308
2022-04; -0.084023; -0.089135;-0.08737;-0.0941
2022-05; -0.000366;  0.003412; 0.00218;-0.0031
2022-06; -0.092909;  -0.09664;-0.08276;-0.0834
2022-07;   0.10209;  0.097778; 0.09951; 0.0965
2022-08; -0.019162; -0.019519;-0.01929;-0.0358
2022-09; -0.094199; -0.096648;-0.09408;-0.0915
2022-10;  0.098625;    0.0736; 0.08997; 0.0808
2022-11;   0.04527; -0.003683; 0.02872; 0.0494
2022-12; -0.057391; -0.044926;-0.05566;-0.0605
2023-01;    0.1092;  0.098079; 0.09879; 0.0696
2023-02; -0.017669; -0.030117;-0.02304;-0.0223
2023-03; -0.004363; -0.044959;-0.03108; 0.0284
2023-04; -0.019334; -0.001448;-0.01324; 0.0097
2023-05; -0.005249;   -0.0048;-0.00755;  0.007
2023-06;  0.080395;  0.077919; 0.07612; 0.0686
2023-07;  0.062191;  0.061623; 0.05455; 0.0366
2023-08; -0.045942;  -0.04816;-0.04961;-0.0191
2023-09;  -0.06074; -0.058366;-0.05774; -0.048
2023-10; -0.050076; -0.058154;-0.05959;-0.0268
2023-11;  0.094371;  0.084042;  0.0903; 0.0932
2023-12;  0.093254;  0.107448; 0.10827; 0.0528
2024-01; -0.028063; -0.000781;-0.02621;  0.012
2024-02;  0.052848;   0.06156; 0.05339; 0.0549
2024-03;   0.03244;  0.027899; 0.03401; 0.0327
2024-04;  -0.05963; -0.069551;-0.06344;-0.0418
2024-05;  0.044995;  0.026198; 0.04299; 0.0477
2024-06; -0.012195; -0.021277;-0.01171; 0.0321
2024-07;  0.050349;  0.072711; 0.07674; 0.0167
2024-08; -0.008378; -0.007604;-0.00462; 0.0208
2024-09;  0.011409;  0.009519;  0.0134; 0.0212
2024-10; -0.002841; -0.007059; -0.0055;-0.0061
2024-11;   0.09108;  0.102473; 0.09904; 0.0689
2024-12; -0.073015; -0.044636;-0.06421; -0.028
2025-01;  0.018359;  0.033561; 0.03062; 0.0317
2025-02; -0.044936; -0.053529;-0.04758;-0.0211
2025-03; -0.054962; -0.066708;-0.06966;-0.0605
2025-04; -0.017082;   -0.0069;-0.01586;-0.0049
2025-05;  0.060538;  0.062978; 0.05982; 0.0644
2025-06;   0.04705;  0.059552; 0.05051;  0.052
2025-07;  0.017592;  0.020227; 0.01864; 0.0232
2025-08;  0.075028;  0.053158; 0.05757; 0.0222
2025-09;  0.024917;   0.03494; 0.01715; 0.0372