month  ;    ME1;    ME2;    ME3;    ME4;    ME5;    ME6;    ME7;    ME8;    ME9;   ME10
1947-08;-0.0355;-0.0199;-0.0224;-0.0109; -0.011;-0.0122;-0.0007;-0.0264;-0.0202;-0.0171
1947-09; 0.0146; 0.0076; 0.0182; 0.0079;  0.007; 0.0039; 0.0036; 0.0067;  0.004;-0.0104
1947-10; 0.0309; 0.0497; 0.0383; 0.0325; 0.0232; 0.0399; 0.0334; 0.0162; 0.0278; 0.0236
1947-11;-0.0226;-0.0323;-0.0408; -0.033;-0.0318;-0.0237;-0.0256;-0.0311;-0.0232;-0.0143
1947-12; 0.0237; 0.0148; 0.0188; 0.0122;  0.019; 0.0227; 0.0273;  0.029; 0.0363; 0.0322
1948-01; 0.0282;-0.0174;-0.0205; -0.017;-0.0173;-0.0317;-0.0184;-0.0272;-0.0425;-0.0435
1948-02;-0.0766;-0.0681;-0.0665;-0.0663;-0.0493; -0.069;-0.0591;-0.0492;-0.0495;-0.0369
1948-03; 0.0978; 0.1118; 0.0894; 0.0891; 0.0905; 0.1005; 0.0948; 0.1035; 0.1131; 0.0698
1948-04; 0.0679; 0.0342; 0.0381;  0.032; 0.0225; 0.0343; 0.0619; 0.0431; 0.0376; 0.0345
1948-05; 0.1149; 0.0817;  0.088; 0.0904; 0.0722; 0.0993; 0.0807; 0.0739; 0.0893; 0.0691
1948-06; 0.0017;-0.0021;-0.0048;-0.0102;-0.0132;-0.0211;-0.0154;-0.0138;-0.0046;  0.006
1948-07;-0.0614;-0.0566;-0.0585;-0.0392;-0.0573;-0.0509;-0.0545;-0.0446;-0.0573;-0.0483
1948-08;-0.0111;-0.0193;-0.0039; -0.006;-0.0035; 0.0099;-0.0007; 0.0063;-0.0008; 0.0049
1948-09;-0.0526; -0.052;-0.0394; -0.034;-0.0489;-0.0412;-0.0445;-0.0437;-0.0306;-0.0242
1948-10; 0.0519; 0.0476; 0.0588; 0.0412; 0.0478; 0.0497; 0.0582;  0.057; 0.0516; 0.0642
1948-11;-0.1036;-0.1259;-0.1175;-0.0965;-0.1035;-0.0992;-0.1186;-0.0951;-0.1013;-0.0875
1948-12;-0.0297;-0.0021; 0.0074; 0.0004; 0.0121; 0.0231; 0.0219;   0.03; 0.0347; 0.0373
1949-01; 0.0343;  0.036; 0.0197; 0.0153; 0.0125;-0.0023; 0.0167; 0.0156;  0.008;-0.0012
1949-02;-0.0495;-0.0454;-0.0535;-0.0533;-0.0406;-0.0345;-0.0326;-0.0229;-0.0195;-0.0289
1949-03; 0.0722; 0.0677; 0.0666; 0.0604; 0.0657; 0.0601; 0.0577; 0.0418; 0.0458; 0.0362
1949-04;-0.0248;-0.0294;-0.0261;-0.0386;-0.0221; -0.044;-0.0349;-0.0291; -0.023;-0.0118
1949-05;-0.0588;-0.0686;-0.0531;-0.0339;-0.0301;-0.0396;-0.0362;-0.0181;-0.0181;-0.0301
1949-06;-0.0089;-0.0112;-0.0163;  -0.01;-0.0113;-0.0186;-0.0093;  0.002; 0.0094; 0.0037
1949-07; 0.0757; 0.0493; 0.0608; 0.0692; 0.0671; 0.0662; 0.0665; 0.0615; 0.0514; 0.0547
1949-08; 0.0122; 0.0306; 0.0194; 0.0283; 0.0388; 0.0218; 0.0262; 0.0205; 0.0178; 0.0298
1949-09; 0.0556; 0.0364; 0.0443; 0.0506; 0.0422; 0.0435; 0.0438; 0.0424; 0.0381; 0.0266
1949-10; 0.0766; 0.0453; 0.0482; 0.0307; 0.0374; 0.0352; 0.0257; 0.0278; 0.0258;  0.034
1949-11;-0.0168;-0.0028; 0.0031; 0.0077; 0.0109; 0.0128; 0.0247; 0.0171; 0.0288; 0.0185
1949-12; 0.0937; 0.0716; 0.0827; 0.0639; 0.0751; 0.0839; 0.0605; 0.0618;  0.059; 0.0454
1950-01; 0.0565;  0.066; 0.0422; 0.0445; 0.0537; 0.0387; 0.0247; 0.0243; 0.0211; 0.0116
1950-02;  0.026; 0.0243; 0.0255; 0.0159; 0.0017; 0.0131; 0.0162; 0.0169; 0.0198; 0.0143
1950-03;-0.0018; -0.001;-0.0163; 0.0009;-0.0083; 0.0016;-0.0028; 0.0115; 0.0034; 0.0197
1950-04; 0.0629; 0.0645; 0.0557; 0.0618; 0.0611; 0.0562; 0.0382; 0.0328; 0.0373; 0.0411
1950-05; 0.0364; 0.0175; 0.0209; 0.0341; 0.0261; 0.0225; 0.0421; 0.0311; 0.0405; 0.0502
1950-06;-0.0982;-0.1035;-0.0839;-0.0787;-0.0724;-0.0758;-0.0691;-0.0792;-0.0617;-0.0511
1950-07; 0.0954; 0.0862; 0.0712; 0.0604; 0.0427;  0.047; 0.0275; 0.0356;  0.017; 0.0051
1950-08; 0.0447; 0.0507; 0.0466; 0.0451;  0.061; 0.0468; 0.0486; 0.0393; 0.0461; 0.0513
1950-09;  0.043; 0.0338;  0.052; 0.0612; 0.0501; 0.0628; 0.0632; 0.0606; 0.0573; 0.0443
1950-10;-0.0045;-0.0065;-0.0048;  0.008; -0.003;-0.0038;-0.0111;-0.0131;-0.0101; 0.0041
1950-11; 0.0303;  0.035; 0.0357;   0.03; 0.0237; 0.0398; 0.0367; 0.0365; 0.0382; 0.0242
1950-12; 0.1614; 0.1138; 0.1052; 0.0959; 0.0637; 0.0842; 0.0784; 0.0653; 0.0613; 0.0484
1951-01; 0.0784; 0.0919; 0.0866; 0.0775; 0.0851; 0.0765; 0.0671; 0.0724; 0.0542; 0.0535
1951-02; 0.0041; 0.0038; 0.0058; 0.0124; 0.0102; 0.0086;   0.01; 0.0197; 0.0199; 0.0153
1951-03;-0.0703;-0.0422; -0.047;-0.0304;-0.0322;-0.0421;-0.0366;-0.0291;-0.0255;-0.0143
1951-04; 0.0411;  0.041; 0.0421; 0.0434; 0.0472; 0.0428; 0.0454; 0.0484; 0.0425; 0.0533
1951-05;-0.0248;-0.0479;-0.0288;-0.0326;-0.0208;-0.0223;-0.0179;-0.0243; -0.013;-0.0243
1951-06;-0.0686;-0.0646;-0.0665;-0.0499; -0.054;-0.0653;-0.0436;-0.0363; -0.024;-0.0179
1951-07; 0.0383; 0.0453; 0.0684; 0.0608; 0.0574; 0.0602; 0.0728; 0.0761; 0.0726; 0.0714
1951-08; 0.0677; 0.0544; 0.0507; 0.0487; 0.0563; 0.0443; 0.0375; 0.0365; 0.0369; 0.0463
1951-09; 0.0116; 0.0311; 0.0387;  0.029; 0.0227; 0.0218; 0.0216; 0.0253;  0.021;      0
1951-10;-0.0139;-0.0299;-0.0242;-0.0324;-0.0174;-0.0268;-0.0285;-0.0235;-0.0227;-0.0236
1951-11;-0.0114;-0.0022; 0.0067; 0.0032; 0.0085; 0.0118; 0.0229; 0.0129; 0.0108; 0.0041
1951-12; -0.002;  0.007; 0.0021; 0.0169; 0.0078; 0.0066; 0.0242; 0.0208; 0.0275; 0.0424
1952-01; 0.0185; 0.0134; 0.0192; 0.0176; 0.0145; 0.0157; 0.0149; 0.0183; 0.0202; 0.0152
1952-02;-0.0313;-0.0281;-0.0194;-0.0207;-0.0158;-0.0209;-0.0155;-0.0173;-0.0247;-0.0278
1952-03; 0.0079; 0.0273; 0.0262; 0.0258; 0.0246; 0.0302; 0.0295; 0.0413; 0.0398; 0.0517
1952-04;-0.0443;-0.0445;-0.0524;-0.0422;-0.0431;-0.0407;-0.0435;-0.0516;-0.0434;-0.0505
1952-05; 0.0093;  0.019; 0.0206; 0.0255; 0.0263; 0.0251; 0.0295; 0.0269; 0.0339; 0.0354
1952-06; 0.0251; 0.0339;  0.029; 0.0268; 0.0282;  0.031; 0.0377; 0.0328; 0.0293; 0.0449
1952-07;-0.0004; 0.0159; 0.0097;   0.01; 0.0086; 0.0133; 0.0064; 0.0151; 0.0111; 0.0102
1952-08;-0.0036;  0.004; 0.0075; 0.0036; 0.0065; -0.003; 0.0035;-0.0007;-0.0025;-0.0096
1952-09;-0.0065;-0.0166;-0.0149;-0.0171;-0.0038;-0.0221;-0.0156;-0.0152;-0.0165;-0.0204
1952-10;-0.0045; -0.014; -0.013;-0.0195;-0.0146;-0.0057;-0.0105;-0.0081;-0.0149;-0.0015
1952-11;  0.037; 0.0489; 0.0572; 0.0536; 0.0666; 0.0565; 0.0508; 0.0593; 0.0713; 0.0597
1952-12; 0.0058;  0.014; 0.0318; 0.0284;   0.01; 0.0267; 0.0334; 0.0205; 0.0252; 0.0345
1953-01; 0.0576; 0.0332; 0.0381;  0.034;  0.037; 0.0144;  0.016; 0.0135;-0.0008;-0.0092
1953-02; 0.0273; 0.0332; 0.0126; 0.0145; 0.0213; 0.0049; 0.0086;  0.007;-0.0009;-0.0052
1953-03;-0.0146;-0.0194;-0.0145;-0.0195;-0.0184;-0.0034;-0.0073;-0.0128;-0.0046;-0.0149
1953-04;-0.0231;-0.0177;-0.0218;-0.0169;-0.0257;-0.0192;-0.0268;-0.0231; -0.024;-0.0287
1953-05; 0.0152; 0.0058; 0.0061; 0.0045; 0.0081; 0.0033; 0.0079; 0.0056; 0.0093; 0.0067
1953-06;-0.0433; -0.045; -0.036;-0.0347;-0.0321; -0.031;-0.0254;-0.0298;-0.0242; -0.011
1953-07;  0.001; 0.0254; 0.0096; 0.0162; 0.0138; 0.0207; 0.0152; 0.0153; 0.0228; 0.0292
1953-08;-0.0512;-0.0646;-0.0604; -0.052;-0.0512;-0.0544;-0.0428;-0.0495;-0.0362;-0.0436
1953-09;-0.0408;-0.0172;-0.0207;-0.0037;-0.0102; -0.012;-0.0056;-0.0014; 0.0066; 0.0064
1953-10; 0.0264; 0.0211; 0.0329;  0.034; 0.0433; 0.0446; 0.0411; 0.0453; 0.0408; 0.0504
1953-11; 0.0197; 0.0191; 0.0211; 0.0151; 0.0148; 0.0212; 0.0292; 0.0308; 0.0308;   0.03
1953-12;-0.0292;-0.0268; -0.024;-0.0138;-0.0084;-0.0123;-0.0128; 0.0026; 0.0031;  0.004
1954-01; 0.0896;  0.074; 0.0733; 0.0646;  0.067; 0.0716; 0.0603; 0.0589; 0.0557; 0.0484
1954-02;-0.0024; 0.0045;  0.017; 0.0141; 0.0194; 0.0198; 0.0169; 0.0232; 0.0157; 0.0171
1954-03; 0.0256;  0.031; 0.0271; 0.0286; 0.0254; 0.0295; 0.0321; 0.0426; 0.0316; 0.0397
1954-04; 0.0118; 0.0074; 0.0047; 0.0139; 0.0166; 0.0224; 0.0128; 0.0245; 0.0267; 0.0555
1954-05; 0.0332; 0.0538; 0.0323; 0.0494;  0.049; 0.0323; 0.0435; 0.0414; 0.0387; 0.0272
1954-06; 0.0143;   0.01; 0.0102; 0.0197; 0.0143; 0.0204; 0.0111; 0.0246; 0.0135; 0.0089
1954-07; 0.1185; 0.0883; 0.0795; 0.0644;  0.073; 0.0622; 0.0709; 0.0607; 0.0667;  0.042
1954-08;-0.0033;-0.0011; 0.0039; 0.0036;-0.0121;-0.0132;-0.0188;-0.0164;-0.0266;-0.0253
1954-09; 0.0425; 0.0356; 0.0417; 0.0463; 0.0433; 0.0414; 0.0439; 0.0508; 0.0451; 0.0753
1954-10; 0.0041;-0.0038;-0.0081;-0.0124;-0.0035;-0.0037;-0.0029;-0.0049;-0.0098;-0.0208
1954-11; 0.0596; 0.0937; 0.0867; 0.0879; 0.0994; 0.1036; 0.0867;  0.102; 0.0941; 0.0946
1954-12; 0.1286; 0.1149; 0.0983;  0.099;  0.093; 0.0871; 0.0597; 0.0581; 0.0693; 0.0476
1955-01; 0.0389;  0.033;  0.008; 0.0085; 0.0158;  0.028; 0.0104;  0.002; 0.0083; 0.0048
1955-02; 0.0416; 0.0655; 0.0494; 0.0335; 0.0511; 0.0484; 0.0437; 0.0319; 0.0346; 0.0267
1955-03;  0.002;-0.0055;-0.0003; 0.0066;-0.0015;  0.011;-0.0077;-0.0102; 0.0157;-0.0033
1955-04; 0.0295; 0.0138;  0.033; 0.0098; 0.0147; 0.0216; 0.0226;  0.023; 0.0208; 0.0388
1955-05; 0.0171; 0.0042; 0.0009; 0.0013;  0.006; 0.0044; 0.0094; 0.0149; 0.0096; 0.0121
1955-06; 0.0475; 0.0342;  0.037; 0.0251; 0.0318;  0.022; 0.0374; 0.0473; 0.0435; 0.0821
1955-07; 0.0272; 0.0089; 0.0182; 0.0013; 0.0007; 0.0026; 0.0097; -0.001; 0.0044; 0.0279
1955-08;-0.0002; -0.003; 0.0061;-0.0012; 0.0095; 0.0116; 0.0095; 0.0076; 0.0072; 0.0022
1955-09; 0.0029; 0.0095;-0.0118;-0.0102;-0.0037;-0.0122;-0.0126;-0.0164;-0.0257; 0.0058
1955-10; -0.022;-0.0142;-0.0105;-0.0131;-0.0086;-0.0155;-0.0169;  -0.02;-0.0199;-0.0279
1955-11; 0.0389; 0.0348; 0.0489; 0.0578; 0.0568; 0.0622; 0.0609; 0.0687; 0.0632; 0.0767
1955-12; 0.0182; 0.0278; 0.0181; 0.0192; 0.0301; 0.0249; 0.0185; 0.0198; 0.0197; 0.0147
1956-01; -0.012;-0.0062;-0.0118;-0.0225;-0.0224;-0.0327;  -0.03;-0.0314;-0.0254;-0.0287
1956-02; 0.0334; 0.0281; 0.0328; 0.0349; 0.0256; 0.0359; 0.0395;  0.038; 0.0361;  0.042
1956-03;  0.023; 0.0635; 0.0431; 0.0454; 0.0384; 0.0627; 0.0526; 0.0579; 0.0627; 0.0733
1956-04; 0.0077; 0.0023; 0.0088; 0.0029; 0.0081; 0.0029; 0.0091; 0.0063;-0.0056; 0.0066
1956-05;-0.0463;-0.0343;-0.0508; -0.037;-0.0392;-0.0315;-0.0458;-0.0317;-0.0368;-0.0558
1956-06; 0.0075; 0.0052; 0.0202;  0.015;  0.022; 0.0396; 0.0263;  0.026; 0.0359; 0.0399
1956-07; 0.0141; 0.0326; 0.0429;  0.031; 0.0361; 0.0423; 0.0476; 0.0435;  0.052; 0.0527
1956-08;-0.0092; -0.009;-0.0146;-0.0124;-0.0124;-0.0165;-0.0241;-0.0288;-0.0138;-0.0357
1956-09; -0.033;-0.0198;-0.0262; -0.023; -0.034;-0.0361;-0.0386;-0.0417;-0.0511;-0.0529
1956-10;-0.0002; 0.0041; 0.0102; 0.0042; 0.0085; 0.0061; 0.0155; 0.0051; 0.0148; 0.0063
1956-11; 0.0044; 0.0035; 0.0028;  0.015; 0.0088; 0.0088; 0.0085; 0.0052; 0.0145; 0.0032
1956-12; 0.0044; 0.0141; 0.0237;  0.037; 0.0232;  0.023; 0.0311; 0.0281; 0.0283; 0.0372
1957-01; 0.0462;  0.014;  0.019; 0.0037;-0.0026; 0.0006;-0.0102; -0.009;-0.0166;-0.0452
1957-02;-0.0289;-0.0168;-0.0272;-0.0244;-0.0343;-0.0239;-0.0178;-0.0174;-0.0183;-0.0176
1957-03; 0.0063;  0.021; 0.0169; 0.0233; 0.0285; 0.0211; 0.0307;  0.022;  0.024; 0.0232
1957-04; 0.0336; 0.0231; 0.0202; 0.0292; 0.0207; 0.0213; 0.0234; 0.0314; 0.0326; 0.0535
1957-05; 0.0107; 0.0015; 0.0215;   0.02; 0.0205;  0.026; 0.0253; 0.0199; 0.0378; 0.0417
1957-06;  0.021; 0.0008;-0.0001;-0.0005;  -0.01; -0.011;-0.0102;-0.0236;-0.0282; 0.0014
1957-07; 0.0094; 0.0048; 0.0101; 0.0078;-0.0002; 0.0066; 0.0059; 0.0019; 0.0026; 0.0123
1957-08;-0.0464;-0.0361;-0.0463;-0.0488;-0.0522;-0.0527;-0.0567;-0.0606;-0.0489;-0.0467
1957-09;  -0.06;-0.0397;-0.0483;-0.0503;-0.0632;-0.0514;-0.0507;-0.0504;-0.0495;-0.0604
1957-10;-0.0905; -0.078;-0.0689;-0.0694; -0.072; -0.056;  -0.05;-0.0488;-0.0412;-0.0356
1957-11;-0.0029; 0.0129; 0.0016;  0.008; 0.0283; 0.0335; 0.0274; 0.0317; 0.0382; 0.0232
1957-12; -0.052;-0.0539;-0.0465;-0.0513;-0.0527;-0.0429; -0.033;-0.0329;-0.0262;-0.0381
1958-01; 0.1356; 0.1286; 0.1092;  0.112; 0.1073; 0.0969; 0.0884; 0.0861; 0.0577; 0.0354
1958-02;-0.0206;-0.0146;-0.0053; 0.0065;-0.0114; 0.0005;-0.0073;-0.0081; -0.004;-0.0189
1958-03; 0.0362; 0.0367;  0.039; 0.0284; 0.0394; 0.0351; 0.0423; 0.0339; 0.0305; 0.0336
1958-04;  0.049;  0.028;   0.04; 0.0315; 0.0217; 0.0194; 0.0271; 0.0356; 0.0383;  0.031
1958-05; 0.0612;  0.031; 0.0381; 0.0407; 0.0517;  0.045; 0.0327; 0.0238; 0.0329; 0.0194
1958-06; 0.0363; 0.0278; 0.0354; 0.0254; 0.0322; 0.0243; 0.0317; 0.0279; 0.0312; 0.0298
1958-07; 0.0552; 0.0596; 0.0523; 0.0496;   0.07; 0.0619; 0.0482; 0.0474; 0.0492; 0.0412
1958-08; 0.0456; 0.0281; 0.0298; 0.0301; 0.0372; 0.0332; 0.0283; 0.0282;  0.017; 0.0169
1958-09; 0.0588; 0.0615; 0.0493; 0.0676;   0.05; 0.0481; 0.0539; 0.0429; 0.0429; 0.0493
1958-10; 0.0251; 0.0273; 0.0384; 0.0448; 0.0259; 0.0411; 0.0299; 0.0332; 0.0309; 0.0245
1958-11; 0.0238; 0.0609; 0.0622;  0.049; 0.0395; 0.0297; 0.0381; 0.0498; 0.0371; 0.0264
1958-12; 0.0356; 0.0332; 0.0313; 0.0471; 0.0296; 0.0345; 0.0459; 0.0372; 0.0435; 0.0606
1959-01; 0.0841; 0.0705;   0.06; 0.0459; 0.0447; 0.0372; 0.0258; 0.0191; 0.0104; 0.0022
1959-02; 0.0348; 0.0327; 0.0363; 0.0296; 0.0313;  0.037; 0.0325; 0.0287; 0.0183; 0.0038
1959-03; 0.0055; 0.0199;  0.035; 0.0152; 0.0064; 0.0101; 0.0182; 0.0019; 0.0087; 0.0031
1959-04; 0.0147; 0.0276;  0.016; 0.0391; 0.0291; 0.0435; 0.0366; 0.0319;  0.028; 0.0427
1959-05; 0.0012; 0.0314;-0.0113;-0.0007; 0.0128; 0.0098; 0.0161; 0.0038;-0.0021; 0.0284
1959-06; -0.012; 0.0139; 0.0017; 0.0096; 0.0183; 0.0127; 0.0176; 0.0075; 0.0068;-0.0045
1959-07;  0.038; 0.0218; 0.0319;  0.036; 0.0225; 0.0413; 0.0262;  0.025; 0.0362; 0.0356
1959-08; -0.015;-0.0004;-0.0161;-0.0188;-0.0203;-0.0019; -0.016;  -0.02;-0.0194;-0.0093
1959-09;-0.0384;-0.0482;-0.0424;-0.0417;-0.0481;-0.0402;-0.0525;-0.0464;-0.0509;-0.0433
1959-10;-0.0044; 0.0267; 0.0172; 0.0264; 0.0274; 0.0299; 0.0131;  0.042; 0.0242; 0.0099
1959-11; 0.0043; 0.0048; 0.0105; 0.0315; 0.0154;  0.007;  0.021; 0.0299;  0.012; 0.0189
1959-12; 0.0125; 0.0352; 0.0288; 0.0251;  0.025; 0.0201; 0.0167; 0.0069; 0.0159; 0.0344
1960-01; 0.0032;-0.0247;-0.0318;-0.0447;-0.0376;-0.0578;-0.0504;-0.0519;-0.0481;-0.0756
1960-02;-0.0124; 0.0109; 0.0158; 0.0174; 0.0105; 0.0012; 0.0158; 0.0206; 0.0117; 0.0149
1960-03; -0.015;-0.0344;-0.0295;-0.0286;-0.0263;-0.0261;-0.0219;-0.0204;-0.0099;-0.0102
1960-04;-0.0328;-0.0178;-0.0243;-0.0177;-0.0246;-0.0218;-0.0118; -0.011;-0.0017;-0.0184
1960-05; 0.0041; 0.0079; 0.0271; 0.0386; 0.0248; 0.0344; 0.0235; 0.0217; 0.0335;  0.034
1960-06; 0.0369; 0.0164; 0.0202; 0.0181; 0.0203; 0.0302; 0.0235; 0.0267; 0.0285; 0.0219
1960-07;-0.0156;-0.0163;-0.0229;-0.0173; -0.018;-0.0161; -0.027;-0.0107;-0.0213; -0.024
1960-08; 0.0531;  0.053; 0.0139; 0.0443; 0.0352; 0.0432; 0.0317; 0.0303; 0.0344; 0.0305
1960-09;-0.0588;-0.0602;-0.0589;-0.0671;-0.0606;-0.0581;-0.0606;-0.0512; -0.058;-0.0588
1960-10;-0.0334;-0.0255;-0.0333;-0.0192;-0.0406;-0.0193;-0.0206;-0.0136;-0.0096; 0.0009
1960-11; 0.0191; 0.0119;  0.053; 0.0389; 0.0598; 0.0593; 0.0501; 0.0642; 0.0646; 0.0427
1960-12;  0.021; 0.0278; 0.0455; 0.0233; 0.0353; 0.0359; 0.0467; 0.0499; 0.0504; 0.0502
1961-01; 0.0935; 0.0843;  0.086; 0.0796;   0.08; 0.0876; 0.0827; 0.0812; 0.0606; 0.0595
1961-02; 0.0579; 0.0593; 0.0787; 0.0759; 0.0697; 0.0572; 0.0663; 0.0501; 0.0502; 0.0273
1961-03; 0.0616; 0.0639;  0.085; 0.0515; 0.0475; 0.0496; 0.0536; 0.0445; 0.0241; 0.0259
1961-04;  0.034; 0.0068; 0.0217;  0.022;-0.0049; 0.0028;   0.01;-0.0033;      0; 0.0054
1961-05; 0.0483; 0.0334; 0.0462; 0.0395; 0.0549; 0.0463; 0.0278; 0.0394; 0.0304; 0.0208
1961-06; -0.053; -0.049;-0.0495;-0.0503;-0.0527;-0.0429; -0.032;-0.0347;-0.0295;-0.0245
1961-07;-0.0071; 0.0045; 0.0059;  0.007; 0.0159; 0.0103; 0.0088; 0.0219; 0.0273; 0.0358
1961-08; 0.0119; 0.0087; 0.0069; 0.0194; 0.0033; 0.0143; 0.0267; 0.0455; 0.0382; 0.0242
1961-09;-0.0351;-0.0363;-0.0345;-0.0363;-0.0365;-0.0169;-0.0263;-0.0283;-0.0239;-0.0163
1961-10; 0.0204; 0.0236; 0.0156; 0.0126; 0.0179; 0.0219; 0.0252; 0.0309; 0.0306; 0.0279
1961-11; 0.0432; 0.0595; 0.0595; 0.0573; 0.0522; 0.0458; 0.0461; 0.0357; 0.0382; 0.0487
1961-12;-0.0049; 0.0083;-0.0102;-0.0034; 0.0025;-0.0036;-0.0117;-0.0189;-0.0117; 0.0059
1962-01; 0.0417;  0.008; 0.0101;-0.0079;-0.0123;-0.0267;-0.0189;-0.0265;-0.0177;-0.0448
1962-02; 0.0244; 0.0127; 0.0115; 0.0132; 0.0064; 0.0176; 0.0202; 0.0128; 0.0114; 0.0234
1962-03;-0.0085; 0.0141;-0.0096;-0.0057;-0.0096;-0.0022;-0.0131;-0.0116;-0.0004;-0.0048
1962-04;-0.0719;-0.0714;-0.0696;-0.0725;  -0.07;-0.0533;-0.0664;-0.0681;-0.0674; -0.062
1962-05;-0.1124;-0.0946;-0.0994;   -0.1;-0.1015;-0.1096;-0.0919;-0.0959;-0.0834; -0.079
1962-06;-0.0822; -0.071;-0.0894;-0.0679;-0.0799;-0.0727;-0.0856;-0.0904;-0.0727;-0.0847
1962-07; 0.0746; 0.0733; 0.0778; 0.0648; 0.0656; 0.0517; 0.0592; 0.0574; 0.0601; 0.0681
1962-08; 0.0337;  0.026; 0.0367; 0.0297;  0.037; 0.0218; 0.0344; 0.0214; 0.0279;  0.021
1962-09;-0.0597;-0.0763;-0.0718;-0.0728;-0.0701;-0.0613;-0.0516;-0.0522;-0.0578;-0.0451
1962-10;-0.0355;-0.0457;-0.0264;-0.0386;-0.0287;-0.0128;-0.0175;-0.0098;-0.0063; 0.0127
1962-11; 0.1326; 0.1489; 0.1492; 0.1461; 0.1354; 0.1351; 0.1303; 0.1319; 0.1301; 0.1014
1962-12;-0.0117;-0.0272;-0.0181;-0.0247;-0.0245;-0.0065;-0.0004; 0.0123; 0.0133; 0.0189
1963-01; 0.1063; 0.1113; 0.0932; 0.0777; 0.0838; 0.0615; 0.0651; 0.0557; 0.0507; 0.0463
1963-02; -0.004; 0.0019;-0.0144;-0.0207;-0.0118; -0.017;-0.0195;-0.0151;-0.0166;-0.0249
1963-03; 0.0204; 0.0126; 0.0218; 0.0177; 0.0172; 0.0153; 0.0168; 0.0295; 0.0313; 0.0386
1963-04; 0.0312;  0.028; 0.0546; 0.0325; 0.0374; 0.0367; 0.0402; 0.0481; 0.0455; 0.0498
1963-05; 0.0647; 0.0408;  0.039; 0.0318; 0.0386; 0.0357;  0.026;  0.019; 0.0305; 0.0162
1963-06;-0.0174;-0.0102;-0.0148; -0.021;-0.0195;-0.0128;-0.0205;-0.0147;-0.0118;-0.0199
1963-07;-0.0032;-0.0049;-0.0182;-0.0089;-0.0118;-0.0201;-0.0117;-0.0154;-0.0032; 0.0033
1963-08; 0.0264; 0.0339; 0.0482; 0.0518;  0.063;  0.045; 0.0552; 0.0575; 0.0594; 0.0524
1963-09; 0.0012;-0.0181;-0.0219;-0.0197; -0.019;-0.0171;-0.0277;-0.0186;-0.0208;-0.0091
1963-10; 0.0049; 0.0039; 0.0269; 0.0285;   0.01;  0.017; 0.0149; 0.0105;  0.018; 0.0354
1963-11;-0.0204;-0.0211;-0.0061;-0.0179;-0.0121;-0.0171;-0.0016;-0.0033;-0.0021;-0.0056
1963-12;-0.0218;-0.0101;-0.0003; 0.0034; 0.0222; 0.0035; 0.0195;  0.012; 0.0179; 0.0259
1964-01; 0.0461; 0.0346; 0.0261; 0.0076; 0.0234; 0.0134; 0.0106; 0.0128; 0.0116; 0.0317
1964-02; 0.0272; 0.0242; 0.0285; 0.0333; 0.0229; 0.0228; 0.0296; 0.0301; 0.0203; 0.0148
1964-03; 0.0225; 0.0245; 0.0388; 0.0342; 0.0411; 0.0325; 0.0277; 0.0311; 0.0183; 0.0126
1964-04; 0.0005;-0.0069;-0.0068;-0.0044;-0.0107; -0.004;  0.003;-0.0104;-0.0052; 0.0091
1964-05; 0.0079; 0.0014; 0.0191; 0.0273; 0.0141; 0.0082; 0.0208; 0.0193; 0.0099; 0.0176
1964-06; 0.0116; 0.0113;  0.012; 0.0128; 0.0095; 0.0186; 0.0158; 0.0124; 0.0149; 0.0161
1964-07; 0.0374; 0.0251; 0.0365; 0.0177; 0.0181; 0.0298; 0.0209; 0.0213; 0.0336; 0.0168
1964-08;-0.0045;-0.0091;-0.0065;-0.0171;-0.0076;-0.0098;-0.0067; 0.0008; -0.013;-0.0131
1964-09; 0.0504; 0.0386; 0.0288;  0.031; 0.0282; 0.0298; 0.0363; 0.0376; 0.0314; 0.0278
1964-10; 0.0308; 0.0176; 0.0107; 0.0133;  0.015; 0.0265; 0.0129;  0.018; 0.0084; 0.0063
1964-11; 0.0009; 0.0028; 0.0053;-0.0157; 0.0006; 0.0081; 0.0004; 0.0006; 0.0031; 0.0029
1964-12;-0.0175;-0.0235;-0.0103; 0.0023;-0.0015;-0.0062;-0.0037;-0.0019;-0.0025; 0.0076
1965-01; 0.0833;  0.066; 0.0633; 0.0621; 0.0545; 0.0581;  0.052; 0.0519; 0.0458; 0.0309
1965-02; 0.0314;  0.026; 0.0371; 0.0411; 0.0448; 0.0316; 0.0273; 0.0274; 0.0257;-0.0041
1965-03; 0.0232;  0.025; 0.0113;-0.0014; 0.0069; 0.0037;-0.0006;-0.0015;-0.0064;-0.0153
1965-04; 0.0531; 0.0428; 0.0352; 0.0479;  0.048;  0.035; 0.0375; 0.0338; 0.0277; 0.0338
1965-05; -0.002;-0.0145;-0.0131;-0.0028;-0.0063;-0.0032;-0.0071;-0.0086;-0.0042;-0.0029
1965-06;-0.0987;-0.0989;-0.0845;-0.0908;-0.0806;-0.0803;-0.0785; -0.073;-0.0593;-0.0398
1965-07; 0.0266; 0.0337; 0.0356; 0.0341; 0.0331; 0.0352; 0.0268; 0.0369; 0.0246;  0.011
1965-08; 0.0406; 0.0456; 0.0409; 0.0539; 0.0743; 0.0516; 0.0399; 0.0439; 0.0346; 0.0244
1965-09; 0.0303; 0.0223; 0.0264; 0.0486; 0.0355; 0.0334; 0.0293; 0.0314; 0.0286; 0.0323
1965-10; 0.0805; 0.0662; 0.0582; 0.0603; 0.0565; 0.0479; 0.0372; 0.0411; 0.0334; 0.0218
1965-11; 0.0716; 0.0413; 0.0294; 0.0621; 0.0535;  0.038; 0.0351; 0.0316; 0.0174;-0.0124
1965-12; 0.0523; 0.0391; 0.0454;  0.052; 0.0224; 0.0311; 0.0307;  0.016; 0.0183; 0.0066
1966-01; 0.0861; 0.0665; 0.0636; 0.0514; 0.0429; 0.0411; 0.0248; 0.0356; 0.0278;-0.0046
1966-02; 0.0546; 0.0411; 0.0361; 0.0229;  0.026; 0.0236;   0.01; 0.0028;-0.0092; -0.019
1966-03; 0.0036;-0.0221;-0.0306;-0.0125;-0.0263;-0.0333;-0.0291;-0.0148;-0.0059;-0.0248
1966-04; 0.0696; 0.0575; 0.0776; 0.0479; 0.0372; 0.0378; 0.0333;   0.03; 0.0214; 0.0189
1966-05;-0.1294;-0.0948;-0.0954;-0.0997;-0.0898;-0.0764;-0.0709; -0.062;-0.0554;-0.0403
1966-06;-0.0017; 0.0102; 0.0061; 0.0003;-0.0026; 0.0058;-0.0088; 0.0112; -0.004;-0.0178
1966-07;-0.0204;-0.0142;-0.0108;-0.0242;-0.0085;-0.0097; -0.014;-0.0179;-0.0086;-0.0127
1966-08;-0.1174;-0.0946;-0.1134;   -0.1;-0.0935;-0.0879;-0.0916;-0.0823;-0.0818;-0.0673
1966-09;-0.0235;-0.0155;-0.0169; -0.014;-0.0121;-0.0179;-0.0111;-0.0127;-0.0139;-0.0021
1966-10;-0.0527;-0.0269;-0.0047; -0.016; 0.0089;  0.022; 0.0085; 0.0354; 0.0506;  0.054
1966-11; 0.0421; 0.0552; 0.0347; 0.0465; 0.0514; 0.0348; 0.0571;  0.027;   0.02; 0.0091
1966-12; 0.0165; 0.0209; 0.0257; 0.0188;  0.023; 0.0183; 0.0238; 0.0258; 0.0215;-0.0051
1967-01; 0.2059; 0.1646; 0.1878; 0.1774; 0.1318; 0.1434; 0.1096; 0.0911; 0.0836; 0.0701
1967-02; 0.0656; 0.0473; 0.0293; 0.0315; 0.0196; 0.0111; 0.0157; 0.0048; 0.0098; 0.0082
1967-03; 0.0681; 0.0679; 0.0712; 0.0686; 0.0534; 0.0578; 0.0535; 0.0515; 0.0444; 0.0383
1967-04; 0.0497; 0.0407; 0.0393;  0.037; 0.0409;  0.043; 0.0402; 0.0493; 0.0281; 0.0447
1967-05;-0.0037; -0.002;-0.0221;-0.0143;-0.0208;-0.0119;-0.0053;-0.0223;-0.0395;-0.0504
1967-06; 0.1337; 0.1105; 0.0707; 0.0863; 0.0568; 0.0545; 0.0448; 0.0369; 0.0204; 0.0145
1967-07; 0.1054; 0.0902; 0.0873; 0.0757; 0.0675;   0.06; 0.0528; 0.0581;  0.051;  0.041
1967-08; 0.0121;-0.0037; 0.0071;-0.0124;  0.003; 0.0002; 0.0026;-0.0038;-0.0038;-0.0088
1967-09; 0.0878; 0.0731; 0.0579; 0.0476; 0.0315; 0.0403; 0.0459; 0.0135; 0.0219; 0.0349
1967-10;-0.0111;-0.0233;-0.0333;-0.0175;-0.0341;-0.0241;-0.0383;-0.0526;-0.0488;-0.0181
1967-11;-0.0123; 0.0108; 0.0024; 0.0113; 0.0144; 0.0043; 0.0149; 0.0099; 0.0031; 0.0075
1967-12; 0.1158;  0.098; 0.0948; 0.0844; 0.0642; 0.0618; 0.0387; 0.0263; 0.0316; 0.0231
1968-01; 0.0609; 0.0065; 0.0064;-0.0094; -0.003;-0.0309;-0.0276;-0.0372;-0.0281;-0.0456
1968-02; -0.076;-0.0617; -0.057;-0.0603;-0.0385;-0.0476;-0.0474;-0.0419;-0.0337;-0.0235
1968-03;-0.0141;-0.0073;-0.0117;-0.0114;-0.0135; 0.0097; 0.0039;-0.0042;-0.0022; 0.0124
1968-04; 0.1706; 0.1729; 0.1454; 0.1505; 0.1198; 0.1302;  0.107; 0.1042; 0.0897; 0.0788
1968-05; 0.1448; 0.0845; 0.0962; 0.0668; 0.0576; 0.0597; 0.0503; 0.0376; 0.0268; 0.0098
1968-06; 0.0155;-0.0044;-0.0012;  0.008; 0.0207; 0.0002; 0.0213; 0.0162; 0.0229; 0.0086
1968-07;-0.0193;-0.0392;-0.0191;-0.0476;-0.0275;-0.0483;-0.0548;-0.0229; -0.023;-0.0154
1968-08; 0.0463; 0.0453; 0.0366;  0.027; 0.0421; 0.0252; 0.0128; 0.0242; 0.0161; 0.0133
1968-09;  0.073; 0.0672; 0.0691;  0.069; 0.0745; 0.0492; 0.0672; 0.0688; 0.0543; 0.0309
1968-10; 0.0001; 0.0037; 0.0135; 0.0013; 0.0142; 0.0122;  0.012; 0.0052; 0.0157; 0.0076
1968-11; 0.0729; 0.0699;  0.084; 0.0843; 0.0809; 0.0808; 0.0778; 0.0719; 0.0632; 0.0489
1968-12;  0.034; 0.0138;-0.0118;-0.0152;-0.0132;-0.0251;-0.0315;-0.0344;-0.0282;-0.0453
1969-01;-0.0033;-0.0097;-0.0065;-0.0046;-0.0073;  -0.02;-0.0195; 0.0037; 0.0005;-0.0097
1969-02;-0.1073;-0.1001;-0.0833;-0.0852; -0.081;-0.0749;-0.0759;-0.0687;-0.0599; -0.036
1969-03; 0.0324; 0.0304; 0.0308; 0.0189; 0.0253;  0.016;  0.019; 0.0221; 0.0103;  0.042
1969-04; 0.0028; 0.0092;  0.016; 0.0131; 0.0112;  0.011; 0.0197; 0.0093; 0.0194;  0.025
1969-05;   0.01; 0.0081; 0.0066;-0.0154; 0.0117;-0.0009; -0.001; 0.0033;-0.0074; 0.0067
1969-06;-0.1372; -0.132;-0.1162;-0.1104;-0.1109;-0.1051;-0.0903;-0.0754;-0.0652;-0.0476
1969-07;-0.1179;-0.1124; -0.098;-0.0898;-0.0862;-0.0849;-0.0733; -0.066;-0.0637;-0.0563
1969-08;  0.041; 0.0557; 0.0581; 0.0537; 0.0773; 0.0687; 0.0507; 0.0642;  0.039; 0.0507
1969-09;-0.0326;-0.0325;-0.0097;-0.0017;-0.0091; -0.011;-0.0155;-0.0198;-0.0091;-0.0304
1969-10; 0.1076; 0.0955; 0.0936; 0.0885; 0.0762; 0.0772;  0.078; 0.0685; 0.0709; 0.0416
1969-11;-0.0703;-0.0712;-0.0429;-0.0404;-0.0509;-0.0443;-0.0394;-0.0359;-0.0346;-0.0269
1969-12;-0.0869;-0.0636;-0.0694; -0.049;-0.0304;-0.0379;-0.0196;-0.0207;-0.0256;  -0.01
1970-01;-0.0189;-0.0587;-0.0542;-0.0532;-0.0627; -0.075;-0.0686;-0.0804;-0.0614;-0.0813
1970-02; 0.0284; 0.0383;  0.042;  0.041; 0.0375;  0.052; 0.0465; 0.0645; 0.0785; 0.0577
1970-03;-0.0412;-0.0342;-0.0267;-0.0295;-0.0157;-0.0086;-0.0019;-0.0056; -0.004; 0.0012
1970-04;-0.1884;-0.1688; -0.175;-0.1715; -0.145;-0.1496;-0.1326;-0.1137; -0.108;-0.0846
1970-05;-0.0967;-0.0916;-0.0957;-0.1139;-0.1029;-0.0989;-0.0916;-0.0837;-0.0703;-0.0473
1970-06;-0.0797;-0.0932;-0.0748;-0.0819;-0.0512;-0.0629;-0.0559;-0.0362;-0.0472;-0.0504
1970-07; 0.0398; 0.0588; 0.0732; 0.0739; 0.0865; 0.0626; 0.0883; 0.0873; 0.0732; 0.0733
1970-08; 0.0588; 0.0648; 0.0802; 0.0699; 0.0562; 0.0733; 0.0531; 0.0613; 0.0558;  0.045
1970-09; 0.1658; 0.1364; 0.1463; 0.1225; 0.0951; 0.0984; 0.0705; 0.0671; 0.0421; 0.0285
1970-10;-0.0866;-0.0658; -0.065;-0.0393;-0.0504; -0.044;-0.0418;-0.0377;-0.0213;-0.0051
1970-11;-0.0279; -0.004; 0.0168; 0.0299; 0.0385; 0.0356; 0.0506; 0.0525; 0.0633; 0.0543
1970-12;  0.092; 0.0947; 0.0777; 0.0913; 0.0779; 0.0842; 0.0891; 0.0817; 0.0639; 0.0521
1971-01; 0.1723; 0.1209; 0.1261; 0.0983; 0.1004; 0.0822; 0.0658;  0.078; 0.0513; 0.0345
1971-02;  0.068; 0.0484; 0.0225; 0.0366;  0.023; 0.0271; 0.0208; 0.0278; 0.0119; 0.0128
1971-03; 0.0615; 0.0541; 0.0558; 0.0611; 0.0731; 0.0556;  0.049; 0.0515;  0.034; 0.0402
1971-04; 0.0139; 0.0298; 0.0303; 0.0323;  0.049; 0.0475; 0.0412;  0.039; 0.0337; 0.0342
1971-05;-0.0665;-0.0545;-0.0528;-0.0398;-0.0393;-0.0374;-0.0254;-0.0386;-0.0278;-0.0383
1971-06;-0.0304;-0.0135;-0.0215; 0.0125;-0.0138;-0.0074; 0.0001; 0.0065; 0.0091; 0.0044
1971-07;-0.0677;-0.0649;-0.0578;-0.0544;-0.0335;-0.0578;-0.0404;-0.0454;-0.0379;-0.0381
1971-08; 0.0314; 0.0525; 0.0527; 0.0522; 0.0366;  0.065; 0.0608; 0.0465;  0.039; 0.0396
1971-09;-0.0019;-0.0011;-0.0132;-0.0034; -0.007;-0.0014;-0.0059;-0.0029;-0.0083;-0.0044
1971-10;-0.0693;-0.0611;-0.0564;-0.0414; -0.058;-0.0625;-0.0433;-0.0382;-0.0564;-0.0329
1971-11;-0.0554; -0.037;-0.0372;-0.0131;-0.0184;-0.0221;-0.0101;-0.0153;-0.0093; 0.0098
1971-12; 0.1269; 0.1237; 0.1381; 0.1179; 0.1041; 0.1146; 0.1139; 0.0957; 0.0982; 0.0804
1972-01; 0.1466; 0.1151; 0.0794; 0.0694; 0.0522; 0.0483;  0.044; 0.0232; 0.0218; 0.0169
1972-02; 0.0456; 0.0356;  0.036; 0.0403; 0.0231; 0.0454; 0.0348; 0.0172; 0.0346; 0.0305
1972-03;-0.0091; -0.005; 0.0053;  0.001; 0.0105; 0.0112; 0.0084; 0.0144;-0.0031; 0.0111
1972-04; 0.0064;-0.0014; 0.0157;  0.005; 0.0058; 0.0004; 0.0012;-0.0024; 0.0127; 0.0063
1972-05;-0.0287;-0.0186;-0.0318;-0.0031;-0.0109;-0.0018; 0.0231;-0.0033; 0.0082; 0.0256
1972-06;-0.0421;-0.0328;-0.0208;-0.0237;-0.0365;-0.0206;-0.0324;-0.0393;-0.0315;-0.0144
1972-07;-0.0374; -0.049;-0.0359;-0.0414; -0.022;-0.0241;-0.0286; -0.022;-0.0231; 0.0092
1972-08; -0.001;-0.0027; 0.0069; 0.0125; 0.0288; 0.0227; 0.0263; 0.0373;   0.05; 0.0373
1972-09;-0.0446;-0.0399;-0.0342;-0.0292;-0.0187;-0.0251;-0.0353;-0.0132;-0.0186; 0.0016
1972-10;-0.0319;-0.0209; -0.009;-0.0027;-0.0079;-0.0033;-0.0064; 0.0053; 0.0106; 0.0143
1972-11; 0.0426; 0.0485; 0.0612; 0.0594; 0.0569; 0.0545; 0.0724; 0.0735; 0.0681; 0.0398
1972-12; -0.029;-0.0168;-0.0248;-0.0123; 0.0002;-0.0069; -0.011;-0.0109;-0.0108; 0.0232
1973-01;-0.0284;-0.0504;-0.0509;-0.0705;-0.0613;-0.0623;-0.0649;-0.0508;-0.0679;-0.0056
1973-02;-0.0808;-0.0878;-0.0842;-0.0755;-0.0816; -0.075;-0.0593;-0.0582;-0.0367; -0.033
1973-03;-0.0236;-0.0293;-0.0236;-0.0235;-0.0279;-0.0277;-0.0241;-0.0278;-0.0132; 0.0028
1973-04;-0.0723;-0.0778;-0.0698;-0.0783;-0.0578;-0.0639;-0.0743;-0.0582;-0.0517;-0.0384
1973-05; -0.094;-0.0904;-0.0856;-0.0824;-0.0688;-0.0611;-0.0607;-0.0467;-0.0235; -0.007
1973-06;-0.0344;-0.0387;-0.0234;-0.0364;-0.0342;-0.0203;-0.0352;-0.0292;-0.0348; 0.0021
1973-07; 0.1213; 0.1267; 0.1282; 0.1213; 0.0968; 0.0918; 0.0955; 0.0956; 0.0729; 0.0348
1973-08;-0.0597;-0.0497;-0.0482;-0.0462;-0.0323;-0.0353;-0.0158;-0.0225;-0.0145;-0.0341
1973-09; 0.0736; 0.0953; 0.0982;  0.097; 0.0987; 0.1012; 0.1074; 0.0999; 0.0864; 0.0286
1973-10; 0.0015;-0.0113;-0.0079;-0.0056;-0.0088; 0.0064;-0.0025;-0.0078;-0.0152; 0.0024
1973-11;-0.1966;-0.1851;-0.1803;-0.1784;-0.1665;-0.1712;-0.1745; -0.153;-0.1214;-0.1006
1973-12;-0.0507;-0.0247;-0.0185;-0.0111;-0.0072; 0.0101; 0.0107; 0.0369; 0.0175; 0.0138
1974-01; 0.1398; 0.1096; 0.0963; 0.0777; 0.0628; 0.0647; 0.0339; 0.0238; 0.0143;-0.0196
1974-02; 0.0007;-0.0058; 0.0145; 0.0092; 0.0019;-0.0033;-0.0009; 0.0108; 0.0011;-0.0003
1974-03; 0.0164;-0.0047;-0.0103;-0.0073; -0.014;-0.0174;-0.0278;-0.0339;-0.0324;-0.0216
1974-04;-0.0514;-0.0583;-0.0698;-0.0519;-0.0561;-0.0535;-0.0649; -0.063;-0.0605;-0.0351
1974-05;-0.0734;-0.0753;-0.0796;-0.0727;-0.0772;-0.0834;-0.0797;-0.0639;-0.0657;-0.0186
1974-06;-0.0286;-0.0307;-0.0317; -0.028;-0.0275;-0.0436; -0.035;-0.0368;-0.0301;-0.0152
1974-07;-0.0561;-0.0552;-0.0512;-0.0482;-0.0447;-0.0291;-0.0532;-0.0451;-0.0605;-0.0866
1974-08;-0.0798;-0.0825;-0.0839;-0.0794;-0.0919;-0.0829;-0.0965;-0.0967;-0.1029;-0.0842
1974-09;-0.0769;-0.0875;-0.0894; -0.083;-0.0839;-0.0782;-0.0866;-0.0819;-0.0793;-0.1263
1974-10; 0.0702; 0.1032; 0.1012; 0.0952; 0.1008; 0.1171; 0.1555; 0.1491; 0.1804; 0.1807
1974-11;-0.0594;-0.0512;-0.0397;-0.0416;-0.0373;-0.0374; -0.034;-0.0182;-0.0209;-0.0462
1974-12; -0.085;-0.0654;-0.0628; -0.057;-0.0552;-0.0434;-0.0524;-0.0318;-0.0128;-0.0213
1975-01; 0.2713; 0.2817; 0.2541; 0.2464; 0.2526; 0.2074; 0.2234; 0.1894; 0.1523; 0.1082
1975-02; 0.0451;  0.049; 0.0522;  0.037; 0.0353; 0.0492;  0.037; 0.0398; 0.0457; 0.0711
1975-03; 0.0835; 0.0771; 0.0571; 0.0652; 0.0585; 0.0504;  0.063; 0.0486; 0.0308; 0.0197
1975-04; 0.0313; 0.0437; 0.0344;  0.033; 0.0468;  0.048; 0.0489; 0.0462; 0.0425;  0.049
1975-05; 0.0809; 0.0835; 0.0824; 0.0738; 0.0595; 0.0548; 0.0752; 0.0528; 0.0499; 0.0536
1975-06; 0.0746;  0.063; 0.0718;  0.065; 0.0563; 0.0553; 0.0597;   0.08; 0.0684; 0.0424
1975-07; 0.0077;-0.0239;-0.0344;-0.0288;-0.0383; -0.043;-0.0473;-0.0678;-0.0581;-0.0692
1975-08;-0.0591;-0.0587;-0.0556; -0.044;-0.0359;-0.0394;-0.0367;-0.0341;-0.0213;-0.0162
1975-09;-0.0335;-0.0364; -0.032;-0.0422;-0.0384;-0.0412;-0.0398;-0.0408;-0.0329;-0.0375
1975-10; 0.0071; 0.0237; 0.0269; 0.0282; 0.0176;  0.037; 0.0529; 0.0649; 0.0524; 0.0674
1975-11; 0.0169; 0.0217;  0.029; 0.0198; 0.0195; 0.0359; 0.0342; 0.0439; 0.0253; 0.0311
1975-12;-0.0134;-0.0056;-0.0147;-0.0113;-0.0052;  0.002; -0.002;-0.0103;-0.0004;-0.0154
1976-01; 0.2017; 0.1898; 0.1866; 0.1736; 0.1679; 0.1634; 0.1551; 0.1437; 0.1299; 0.1102
1976-02; 0.1233; 0.0967; 0.0834; 0.0803; 0.0583; 0.0578; 0.0407; 0.0241; 0.0157;-0.0171
1976-03; 0.0171; 0.0161; 0.0061; 0.0135; 0.0168; 0.0114; 0.0212;  0.016; 0.0097; 0.0368
1976-04;-0.0108;-0.0169;-0.0109;-0.0139;-0.0022;-0.0112;-0.0131;-0.0133;-0.0077; -0.011
1976-05;-0.0285;-0.0203;-0.0159;-0.0225;-0.0086;-0.0167;-0.0124;-0.0178;-0.0027;-0.0078
1976-06; 0.0202; 0.0304; 0.0293; 0.0393; 0.0531; 0.0579; 0.0478; 0.0575; 0.0494; 0.0428
1976-07;-0.0001; 0.0036; 0.0029;  0.008; 0.0022;-0.0036;-0.0024;-0.0008;-0.0077;-0.0084
1976-08;-0.0203;-0.0107;-0.0256;-0.0175;-0.0139;-0.0184;-0.0055;-0.0084;-0.0014; 0.0037
1976-09; 0.0152; 0.0242; 0.0272; 0.0364; 0.0262; 0.0254; 0.0216; 0.0225; 0.0235; 0.0254
1976-10;-0.0177;-0.0183;-0.0249;-0.0189;-0.0166;-0.0187; -0.025; -0.013;-0.0284;-0.0191
1976-11; 0.0227; 0.0437; 0.0389; 0.0353;  0.037; 0.0421; 0.0321; 0.0316; 0.0211;-0.0079
1976-12; 0.1053; 0.0893; 0.1036; 0.0905;  0.093; 0.0731; 0.0786; 0.0727; 0.0688; 0.0477
1977-01; 0.0529; 0.0313; 0.0205;  0.012; 0.0048;-0.0053;-0.0211;-0.0278;-0.0395;-0.0523
1977-02; 0.0041;-0.0019;-0.0121;-0.0063;-0.0108;-0.0252; -0.016; -0.024;-0.0237;-0.0137
1977-03; 0.0099; 0.0053; 0.0008; 0.0015; 0.0033; 0.0049; 0.0013; 0.0015; 0.0002;-0.0188
1977-04;  0.021; 0.0148; 0.0201; 0.0168; 0.0111; 0.0219; 0.0162; 0.0141; 0.0213;-0.0054
1977-05; 0.0066;-0.0017; -0.002; 0.0001;  0.001;-0.0019;-0.0068;-0.0084;-0.0015;-0.0177
1977-06; 0.0599; 0.0622; 0.0593; 0.0701; 0.0685; 0.0612; 0.0498; 0.0587; 0.0423; 0.0491
1977-07; 0.0178;  0.005; 0.0026;-0.0017;-0.0033;-0.0061;-0.0131;-0.0204; -0.021;-0.0134
1977-08;-0.0017;-0.0077;-0.0032;-0.0078;-0.0031;-0.0027;-0.0204;-0.0159;-0.0239;-0.0119
1977-09;  0.021; 0.0117; 0.0062; 0.0075; 0.0182; 0.0048;-0.0007; 0.0106;-0.0014;-0.0018
1977-10; -0.023;-0.0252;-0.0238;  -0.03; -0.022;-0.0308;-0.0271; -0.042;-0.0378;-0.0435
1977-11; 0.0763; 0.0858; 0.0861; 0.0769; 0.0671; 0.0698; 0.0656; 0.0676; 0.0434; 0.0318
1977-12; 0.0269; 0.0289; 0.0199; 0.0167; 0.0157; 0.0104; 0.0141; 0.0017; 0.0058;  0.005
1978-01;-0.0019;-0.0183;-0.0285;-0.0382;-0.0417; -0.044;-0.0539;-0.0554;-0.0538;-0.0627
1978-02; 0.0373; 0.0284; 0.0116; 0.0156; 0.0175; 0.0036; 0.0058;-0.0144;-0.0194;-0.0165
1978-03; 0.0755; 0.0708; 0.0677; 0.0615; 0.0529; 0.0538;   0.05; 0.0483; 0.0451; 0.0179
1978-04; 0.0836; 0.0805; 0.0806; 0.0779; 0.0752; 0.0759; 0.0712; 0.0692; 0.0767; 0.0923
1978-05; 0.0824; 0.0555; 0.0617;  0.047; 0.0542; 0.0468; 0.0397; 0.0303; 0.0291; 0.0067
1978-06;  0.008; 0.0055; 0.0001; 0.0031; 0.0034; 0.0017;  0.001;-0.0075;-0.0125;-0.0188
1978-07; 0.0486; 0.0571; 0.0592; 0.0699; 0.0551; 0.0473; 0.0631; 0.0682; 0.0518;  0.056
1978-08; 0.1037; 0.0701; 0.0815; 0.0838; 0.0703; 0.0812; 0.0511; 0.0513; 0.0359; 0.0301
1978-09; 0.0031; -0.012;-0.0138;-0.0114;-0.0146;-0.0226;-0.0156; -0.011;-0.0072;-0.0058
1978-10;-0.2084;-0.2068;-0.2016;-0.1879;-0.1796; -0.162;-0.1453;-0.1321;-0.1182;-0.0764
1978-11; 0.0455; 0.0619; 0.0628; 0.0605; 0.0587; 0.0388; 0.0337; 0.0297; 0.0317; 0.0295
1978-12;  0.019; 0.0179; 0.0189; 0.0275; 0.0236; 0.0181; 0.0127; 0.0123; 0.0049; 0.0193
1979-01; 0.0988; 0.0903; 0.0891; 0.0767; 0.0686; 0.0748; 0.0574; 0.0642; 0.0523; 0.0361
1979-02; -0.017;-0.0269;-0.0228;-0.0295;-0.0178;-0.0295;-0.0279;-0.0387;-0.0271;-0.0288
1979-03; 0.0796; 0.0905; 0.0955; 0.0893; 0.1014; 0.0902; 0.0754;  0.087;  0.075; 0.0488
1979-04;  0.032;  0.028; 0.0118; 0.0312; 0.0216; 0.0127;  0.023; 0.0097;-0.0014; 0.0023
1979-05;-0.0118;-0.0154;-0.0119;-0.0102;-0.0151;-0.0171;-0.0112;-0.0069; 0.0018;-0.0195
1979-06; 0.0529; 0.0541; 0.0651; 0.0643; 0.0603; 0.0458; 0.0589; 0.0668; 0.0597; 0.0356
1979-07; 0.0177; 0.0351;  0.026;  0.034;  0.029; 0.0412;  0.035; 0.0186; 0.0279;  0.005
1979-08; 0.0733; 0.0747; 0.0792; 0.0761; 0.0804; 0.0673; 0.0734; 0.0712; 0.0604; 0.0572
1979-09;-0.0058;-0.0027;-0.0098; 0.0002; 0.0057;-0.0124; 0.0044;-0.0107; 0.0014; 0.0029
1979-10;-0.1027;-0.1121;-0.1109;-0.1011;-0.0938;-0.0906;-0.0867; -0.086;-0.0796;-0.0566
1979-11; 0.0711; 0.0809; 0.0863; 0.0798; 0.0928; 0.0727;  0.083; 0.0731; 0.0676; 0.0504
1979-12; 0.0841; 0.0652; 0.0641; 0.0635;   0.05; 0.0395; 0.0424; 0.0313; 0.0386; 0.0111
1980-01; 0.1149; 0.0818; 0.0743; 0.0654;   0.07; 0.0652; 0.0628; 0.0636; 0.0607; 0.0585
1980-02;-0.0039;-0.0152;-0.0137;-0.0236;-0.0244;-0.0319;-0.0237;-0.0226;-0.0296; 0.0147
1980-03;-0.1918;-0.1824;-0.1771;-0.1691;-0.1756;-0.1483;-0.1425;-0.1303;-0.1017;-0.0953
1980-04; 0.0531;  0.074; 0.0673; 0.0564; 0.0672; 0.0785; 0.0581; 0.0687; 0.0488;  0.044
1980-05; 0.0658; 0.0742; 0.0782; 0.0926; 0.0807; 0.0767; 0.0929; 0.0771; 0.0597; 0.0494
1980-06; 0.0451; 0.0468;  0.043; 0.0544; 0.0519; 0.0415; 0.0491;   0.05; 0.0379; 0.0276
1980-07; 0.0903; 0.1046; 0.1039; 0.1104; 0.0888; 0.0924; 0.0894; 0.0707; 0.0817; 0.0563
1980-08; 0.0822;  0.073; 0.0608; 0.0539; 0.0401; 0.0448;  0.038; 0.0121; 0.0254; 0.0121
1980-09; 0.0455; 0.0369; 0.0337; 0.0295; 0.0335; 0.0291; 0.0325;   0.03; 0.0352; 0.0261
1980-10; 0.0621;   0.04;  0.035; 0.0324; 0.0294; 0.0135; 0.0086; 0.0106; 0.0151; 0.0197
1980-11; 0.0756; 0.0769; 0.0805; 0.0841;  0.059; 0.0793; 0.1032; 0.0652; 0.0917; 0.1277
1980-12;-0.0434;-0.0488;-0.0328;-0.0224;-0.0211;-0.0282;-0.0273;-0.0174;-0.0204;-0.0352
1981-01;-0.0012;-0.0107;-0.0087;-0.0146;-0.0112;-0.0242;-0.0323;-0.0261;-0.0379; -0.055
1981-02;-0.0074;-0.0043; 0.0076; 0.0235; 0.0172; 0.0288; 0.0143; 0.0285; 0.0136; 0.0188
1981-03; 0.0737; 0.0801; 0.0784; 0.0768; 0.0711; 0.0846;  0.085; 0.0822; 0.0839; 0.0167
1981-04; 0.0346; 0.0408; 0.0245; 0.0387; 0.0223; 0.0148; 0.0049;-0.0049;-0.0158; -0.028
1981-05; 0.0341; 0.0352; 0.0345; 0.0341; 0.0244; 0.0302; 0.0274; 0.0184; 0.0163;-0.0001
1981-06;-0.0157;-0.0141;-0.0214;-0.0294;-0.0089;-0.0229;-0.0242;-0.0077;-0.0196;  0.002
1981-07;-0.0244;-0.0322;-0.0201;-0.0213;-0.0135;-0.0218;-0.0158; -0.007; -0.011; 0.0091
1981-08;-0.0833;-0.0815;-0.0775;-0.0714;-0.0602;-0.0672;-0.0571;-0.0489; -0.059;-0.0528
1981-09;-0.1022;-0.0841;-0.0833;-0.0662;-0.0727;-0.0572;-0.0637;-0.0701;-0.0592;-0.0513
1981-10;  0.074; 0.0827; 0.0834; 0.0816; 0.0728; 0.0709; 0.0641; 0.0642; 0.0725; 0.0509
1981-11; 0.0119; 0.0311; 0.0361; 0.0422; 0.0334; 0.0226; 0.0474; 0.0502; 0.0385; 0.0513
1981-12;-0.0214;-0.0146;-0.0142;  -0.02;-0.0162;-0.0228;-0.0212;-0.0289;-0.0232;-0.0327
1982-01;-0.0125;-0.0263;-0.0276;-0.0421;-0.0453;-0.0333;-0.0464;-0.0334;-0.0303; -0.015
1982-02;-0.0444;-0.0444;-0.0457;-0.0424;-0.0482;-0.0343;-0.0436;-0.0333; -0.046;-0.0572
1982-03;-0.0104;-0.0111;-0.0074;-0.0084;-0.0022;-0.0036;-0.0083;-0.0111; -0.012;-0.0071
1982-04; 0.0463; 0.0604; 0.0536; 0.0617; 0.0537; 0.0531;  0.045; 0.0538; 0.0516; 0.0352
1982-05;-0.0183;-0.0155;-0.0289;-0.0367;-0.0271;-0.0273;-0.0399;-0.0402; -0.044;  -0.02
1982-06;-0.0279;-0.0325;-0.0283;-0.0178;-0.0284;-0.0188;-0.0246;-0.0183;-0.0275;-0.0175
1982-07; -0.018;-0.0211;-0.0202;-0.0009;-0.0142;-0.0222;-0.0188;-0.0347;-0.0356;-0.0178
1982-08; 0.0444; 0.0691; 0.0734; 0.0849; 0.1114; 0.1115; 0.1172;  0.131; 0.1235; 0.1281
1982-09; 0.0315; 0.0414; 0.0407; 0.0409; 0.0482; 0.0317; 0.0281; 0.0329; 0.0163; 0.0082
1982-10; 0.1288; 0.1524; 0.1468; 0.1351; 0.1383; 0.1392; 0.1545; 0.1303; 0.1153; 0.1052
1982-11;  0.117; 0.0771; 0.0822; 0.0913;  0.089; 0.0805; 0.0766; 0.0538; 0.0503; 0.0373
1982-12; 0.0198; 0.0179;  0.009; 0.0033; 0.0034; 0.0057; 0.0108; 0.0164; 0.0101; 0.0139
1983-01; 0.1157;  0.082; 0.0605; 0.0671; 0.0537; 0.0382; 0.0329; 0.0361; 0.0268;  0.039
1983-02; 0.0539; 0.0518; 0.0636; 0.0559; 0.0559; 0.0457; 0.0405; 0.0288; 0.0292; 0.0243
1983-03;  0.055; 0.0467; 0.0441; 0.0366; 0.0477; 0.0461; 0.0335; 0.0281; 0.0387; 0.0307
1983-04;  0.079; 0.0819; 0.0757; 0.0877; 0.0708; 0.0663; 0.0669; 0.0636; 0.0672; 0.0769
1983-05;  0.104; 0.0842; 0.0587; 0.0511; 0.0395; 0.0409; 0.0424; 0.0335;  0.022;-0.0196
1983-06;  0.047; 0.0324;  0.048; 0.0448; 0.0471;  0.037; 0.0446; 0.0254; 0.0353; 0.0381
1983-07;-0.0248;-0.0183;-0.0209;-0.0384;-0.0232;-0.0332;-0.0361;-0.0319;-0.0329;-0.0357
1983-08;-0.0456;-0.0274;-0.0337;-0.0288; -0.032;-0.0237;-0.0099; 0.0044;-0.0021; 0.0213
1983-09;-0.0076; 0.0059; 0.0275; 0.0259; 0.0238; 0.0398; 0.0331; 0.0168; 0.0218; 0.0112
1983-10;-0.0589;-0.0628;-0.0588;-0.0658;-0.0544; -0.045;-0.0407;-0.0329;-0.0248;-0.0103
1983-11; 0.0253; 0.0386; 0.0408; 0.0599; 0.0463; 0.0512; 0.0447;  0.047; 0.0262; 0.0164
1983-12;-0.0218;-0.0133;-0.0076;-0.0176;-0.0188;-0.0164;-0.0199;-0.0193; -0.018;-0.0017
1984-01; 0.0073;-0.0079;-0.0138;-0.0145;-0.0263; -0.042;-0.0339;-0.0327;-0.0133;-0.0001
1984-02;-0.0557;-0.0569;-0.0502;-0.0471; -0.053;-0.0613; -0.057;-0.0446;-0.0503;-0.0269
1984-03; 0.0045;   0.01;  0.011; 0.0061; 0.0165; 0.0098; 0.0225; 0.0161; 0.0247; 0.0077
1984-04;-0.0244;-0.0071;-0.0037;  0.001; 0.0004;-0.0028; -0.006;-0.0219;-0.0086; 0.0174
1984-05;-0.0511; -0.049;-0.0469;-0.0546;-0.0634;-0.0507;-0.0513;-0.0555;-0.0522;-0.0498
1984-06; 0.0091; 0.0296;  0.025; 0.0365; 0.0376; 0.0323; 0.0345; 0.0336; 0.0335; 0.0261
1984-07;-0.0538;-0.0417;-0.0461;-0.0364;-0.0356;-0.0282;-0.0396;-0.0316;-0.0157;-0.0063
1984-08; 0.0775; 0.1048; 0.1236; 0.1139; 0.1303; 0.1262; 0.1152; 0.1274; 0.1108; 0.1063
1984-09;-0.0021;-0.0042; -0.007;-0.0062; 0.0049;-0.0011;-0.0023; 0.0095; 0.0063; -0.001
1984-10;-0.0228;  -0.02;-0.0111;-0.0064; 0.0043;-0.0104;  -0.01; 0.0104; 0.0104; 0.0041
1984-11;-0.0371; -0.016;-0.0266;-0.0184;-0.0054;-0.0009;-0.0111;-0.0058;-0.0013;-0.0112
1984-12; 0.0006; 0.0183; 0.0226; 0.0184; 0.0316;  0.026; 0.0219; 0.0303; 0.0329; 0.0238
1985-01;  0.128; 0.1236; 0.1281; 0.1163; 0.1073; 0.1045;  0.109; 0.0891; 0.0694; 0.0742
1985-02; 0.0434; 0.0264;  0.024; 0.0261; 0.0122; 0.0062; 0.0115; 0.0194; 0.0209; 0.0159
1985-03;-0.0129;-0.0153;-0.0199;-0.0163;-0.0086;-0.0155;-0.0013;-0.0018; 0.0109;-0.0002
1985-04;-0.0111; 0.0004;-0.0129;-0.0004; 0.0029;-0.0049;-0.0091;-0.0023;-0.0025;-0.0007
1985-05;  0.024;  0.034;  0.042; 0.0404; 0.0481; 0.0452; 0.0507; 0.0612; 0.0739; 0.0597
1985-06; 0.0105; 0.0199; 0.0117; 0.0314;  0.028; 0.0262; 0.0178; 0.0222; 0.0247; 0.0132
1985-07; 0.0242; 0.0274; 0.0286; 0.0269; 0.0184; 0.0156; 0.0045;-0.0032;-0.0166;-0.0059
1985-08;-0.0041;-0.0051;-0.0041;-0.0031;-0.0101;-0.0078;-0.0017;-0.0039;-0.0043;-0.0046
1985-09;-0.0607;-0.0528;-0.0563;-0.0556;-0.0522;-0.0433;-0.0507;-0.0497; -0.044;-0.0275
1985-10; 0.0133; 0.0344; 0.0419; 0.0431; 0.0394; 0.0346; 0.0472; 0.0561;  0.066; 0.0433
1985-11; 0.0456; 0.0701; 0.0759; 0.0763; 0.0765; 0.0627; 0.0773; 0.0668; 0.0719; 0.0711
1985-12; 0.0318;  0.046; 0.0485; 0.0386; 0.0449; 0.0395;  0.037; 0.0419; 0.0392; 0.0511
1986-01; 0.0492; 0.0242; 0.0112; 0.0146;  0.022; 0.0229;  0.018; 0.0188; 0.0264;-0.0011
1986-02; 0.0589; 0.0705; 0.0833; 0.0718; 0.0789; 0.0691; 0.0728; 0.0804; 0.0868; 0.0756
1986-03; 0.0412; 0.0556; 0.0452; 0.0487; 0.0455; 0.0641; 0.0686; 0.0417; 0.0473;   0.06
1986-04; 0.0186; 0.0179; 0.0062; 0.0159;  0.019; 0.0055;-0.0096;-0.0086;-0.0232;-0.0102
1986-05; 0.0349; 0.0441; 0.0326; 0.0428; 0.0447; 0.0542; 0.0467; 0.0521; 0.0576; 0.0535
1986-06; 0.0113; 0.0049; 0.0108; 0.0144; 0.0048; 0.0139; 0.0101; 0.0173; 0.0167;  0.019
1986-07;-0.0811;-0.0847;-0.0945;-0.0834;-0.0909;-0.0731; -0.062;-0.0694;-0.0521;-0.0489
1986-08; 0.0005; 0.0152;  0.032; 0.0437;  0.041; 0.0664; 0.0653; 0.0776; 0.0685; 0.0724
1986-09;-0.0621;-0.0679;-0.0619;-0.0669;-0.0645;-0.0603;-0.0661; -0.076;-0.0827; -0.091
1986-10; 0.0138; 0.0232; 0.0391;  0.041; 0.0321; 0.0317; 0.0527; 0.0579; 0.0649; 0.0531
1986-11;-0.0131; -0.005;-0.0038;-0.0049; 0.0019;-0.0015; 0.0091; 0.0072; 0.0136; 0.0262
1986-12;-0.0405;-0.0342;-0.0252; -0.026;-0.0206;-0.0226;-0.0302;-0.0379;-0.0374;-0.0229
1987-01;  0.106;  0.108;  0.119; 0.1194; 0.1128; 0.1208; 0.1306; 0.1288; 0.1278; 0.1338
1987-02; 0.0804; 0.0791; 0.0726;  0.083; 0.0667;  0.067; 0.0591; 0.0523; 0.0499; 0.0348
1987-03;  0.033; 0.0152; 0.0289; 0.0143; 0.0203; 0.0106; 0.0142; 0.0127; 0.0088; 0.0271
1987-04;-0.0191; -0.023;-0.0222;-0.0369;-0.0314;-0.0209;-0.0138;-0.0343;-0.0222; -0.008
1987-05;-0.0008;-0.0055;-0.0032;-0.0102; 0.0057; 0.0033;  0.005; 0.0043; 0.0011; 0.0091
1987-06; 0.0177; 0.0124; 0.0255; 0.0253; 0.0308; 0.0343; 0.0322; 0.0447;  0.052; 0.0512
1987-07; 0.0201; 0.0258; 0.0275; 0.0343; 0.0391; 0.0461;  0.044; 0.0528; 0.0483; 0.0427
1987-08;   0.01; 0.0239; 0.0376; 0.0347; 0.0423; 0.0238; 0.0418; 0.0329; 0.0327; 0.0471
1987-09;-0.0117;-0.0254;-0.0227;-0.0179;-0.0214;-0.0246;-0.0117;-0.0146;-0.0249;-0.0228
1987-10;-0.2876;-0.3019;-0.2881;-0.2966;-0.2781;-0.2633;-0.2603;-0.2391;-0.2249;-0.1977
1987-11; -0.052;-0.0543;-0.0465;-0.0527;-0.0411;-0.0379;-0.0447;-0.0605; -0.063;-0.0919
1987-12; 0.0157; 0.0623; 0.0671;  0.091; 0.0822; 0.0828; 0.0934; 0.0826; 0.0784; 0.0659
1988-01; 0.0732; 0.0514; 0.0481; 0.0353;  0.033; 0.0489; 0.0312; 0.0387; 0.0597; 0.0435
1988-02; 0.0611; 0.0678; 0.0705; 0.0963;  0.077; 0.0763; 0.0778; 0.0741; 0.0496;  0.038
1988-03; 0.0421; 0.0489; 0.0349; 0.0354; 0.0214; 0.0111; 0.0074; 0.0046;-0.0174;-0.0424
1988-04; 0.0116; 0.0229; 0.0194; 0.0288; 0.0078; 0.0088; 0.0018; 0.0089; 0.0043; 0.0108
1988-05;-0.0233;-0.0199;-0.0253;-0.0251;-0.0105; 0.0001;-0.0072; 0.0031;-0.0043; 0.0121
1988-06; 0.0511; 0.0563; 0.0736; 0.0751; 0.0652; 0.0636; 0.0719; 0.0619; 0.0505; 0.0441
1988-07; 0.0008; -0.003;-0.0041;-0.0102;-0.0138;-0.0218;-0.0199;-0.0153;-0.0158;-0.0003
1988-08;-0.0224;-0.0264;-0.0196; -0.032;-0.0286;-0.0199;-0.0176;-0.0179;-0.0273;-0.0314
1988-09; 0.0111; 0.0221; 0.0304; 0.0259; 0.0281; 0.0229; 0.0386; 0.0287; 0.0519; 0.0433
1988-10;-0.0167; -0.015;-0.0047;-0.0088;-0.0012;-0.0001; 0.0052; 0.0018; 0.0172; 0.0315
1988-11; -0.043;-0.0344;-0.0319;-0.0249;-0.0211;-0.0284; -0.018;-0.0241;-0.0265;-0.0087
1988-12; 0.0212; 0.0271; 0.0459; 0.0343; 0.0355; 0.0361; 0.0223; 0.0218; 0.0198; 0.0169
1989-01; 0.0492; 0.0485;  0.049; 0.0423; 0.0433; 0.0598; 0.0585; 0.0596; 0.0704; 0.0719
1989-02;  0.003; 0.0052; 0.0123; 0.0144; 0.0057;  0.004;-0.0005;-0.0013; -0.015;-0.0295
1989-03; 0.0194; 0.0257; 0.0223;  0.019; 0.0374; 0.0092; 0.0111; 0.0177; 0.0245; 0.0241
1989-04; 0.0277; 0.0278; 0.0432; 0.0456; 0.0535; 0.0474; 0.0594; 0.0488;  0.048;  0.053
1989-05; 0.0296;  0.031; 0.0352; 0.0371; 0.0449; 0.0472; 0.0392; 0.0392; 0.0492; 0.0391
1989-06;-0.0115;-0.0172;-0.0192;-0.0192; -0.013;-0.0075;-0.0072; 0.0024;  0.003; -0.008
1989-07; 0.0259; 0.0302; 0.0462; 0.0409; 0.0473; 0.0461; 0.0701; 0.0786; 0.0796;  0.092
1989-08; 0.0196; 0.0181; 0.0329; 0.0323; 0.0272;  0.034; 0.0422; 0.0299; 0.0338; 0.0122
1989-09; -0.001; 0.0045; 0.0014; 0.0091;-0.0007; -0.006;-0.0124;-0.0173; -0.006;  0.004
1989-10;-0.0571;-0.0577;-0.0553;-0.0645;-0.0546;-0.0499;-0.0431;-0.0482;-0.0453;-0.0115
1989-11;-0.0121; 0.0018;   0.01; 0.0019; 0.0108; 0.0181; 0.0053; 0.0209; 0.0096; 0.0227
1989-12;-0.0207;-0.0068; 0.0069; 0.0015;-0.0039; 0.0087; 0.0147; 0.0216; 0.0163; 0.0242
1990-01;-0.0557;-0.0805;-0.0874;-0.0845;-0.0914;-0.0772;-0.0737;-0.0828;-0.0723;-0.0674
1990-02; 0.0118; 0.0271; 0.0406; 0.0212; 0.0293; 0.0277; 0.0171; 0.0224; 0.0197; 0.0118
1990-03; 0.0201; 0.0275; 0.0483; 0.0318; 0.0376; 0.0194; 0.0365;   0.02; 0.0099; 0.0265
1990-04;-0.0216;-0.0364;-0.0217;-0.0483;-0.0314;-0.0383;-0.0469; -0.043;-0.0405;-0.0161
1990-05; 0.0411; 0.0624; 0.0801; 0.0674;  0.068; 0.0849; 0.0924; 0.0907; 0.0956;  0.095
1990-06; 0.0124;-0.0029;-0.0043;-0.0016; 0.0087;-0.0035;-0.0087;-0.0089;-0.0163;-0.0032
1990-07;-0.0403;-0.0463;-0.0414;-0.0423;-0.0353;-0.0377; -0.019;-0.0253; -0.021; 0.0008
1990-08;-0.1242;-0.1389;-0.1305;-0.1255;-0.1256;-0.1115; -0.101; -0.101;-0.0948;-0.0852
1990-09;-0.0852;-0.0937;-0.0884;-0.0924;-0.0958;-0.0739;-0.0613; -0.078;-0.0646;-0.0402
1990-10;-0.0692;-0.0659;-0.0582;-0.0569;-0.0565;-0.0398;-0.0296;-0.0273;-0.0257; 0.0058
1990-11; 0.0167; 0.0445; 0.0713; 0.0767; 0.0933; 0.0891; 0.0808; 0.0929; 0.0986; 0.0564
1990-12;-0.0123;  0.016; 0.0324; 0.0536; 0.0465; 0.0514; 0.0449; 0.0377; 0.0427; 0.0239
1991-01;  0.073; 0.0832; 0.0822; 0.0748; 0.0936; 0.0678; 0.0693; 0.0575; 0.0629; 0.0404
1991-02; 0.1285; 0.1278;  0.105; 0.1174; 0.1018; 0.0858; 0.0991; 0.0782; 0.0792; 0.0668
1991-03; 0.0963; 0.0667; 0.0668; 0.0578; 0.0527; 0.0464; 0.0349; 0.0437; 0.0307; 0.0222
1991-04; 0.0261;-0.0012; 0.0016; 0.0051; 0.0103;-0.0009;-0.0024; 0.0126; 0.0169;-0.0027
1991-05; 0.0267; 0.0405;  0.046; 0.0398; 0.0425; 0.0427; 0.0485; 0.0517; 0.0512; 0.0366
1991-06;-0.0405;  -0.05;-0.0417;-0.0439;-0.0355;-0.0432;-0.0398;-0.0511;-0.0568;-0.0422
1991-07; 0.0215; 0.0418; 0.0355; 0.0413; 0.0495; 0.0537; 0.0489; 0.0459; 0.0464; 0.0484
1991-08; 0.0185; 0.0399; 0.0344; 0.0402; 0.0484; 0.0406; 0.0209; 0.0252; 0.0262; 0.0262
1991-09; 0.0082; 0.0155; 0.0128;-0.0022;-0.0018;-0.0078;-0.0061;-0.0066;-0.0101;-0.0164
1991-10; 0.0223; 0.0502; 0.0261;  0.022; 0.0258; 0.0243; 0.0117;  0.021; 0.0258; 0.0117
1991-11;-0.0122;-0.0457;-0.0565;-0.0473;-0.0537;-0.0414;-0.0354;-0.0389;-0.0464;-0.0333
1991-12; 0.0277; 0.0655; 0.0729; 0.0915; 0.1104; 0.1136; 0.1031; 0.1126; 0.1177; 0.1169
1992-01; 0.1659; 0.1166; 0.0769; 0.0697; 0.0525; 0.0394; 0.0104; 0.0129;-0.0008;-0.0277
1992-02; 0.0513; 0.0373; 0.0219; 0.0251; 0.0233; 0.0313; 0.0211; 0.0201; 0.0216; 0.0052
1992-03;-0.0105; -0.046;-0.0358;-0.0351; -0.025;-0.0218;-0.0286;-0.0308;-0.0239;-0.0183
1992-04;-0.0524;-0.0497;-0.0457;-0.0319;-0.0121;-0.0194;-0.0026; 0.0172; 0.0203; 0.0297
1992-05;  0.002;-0.0015; 0.0032; 0.0115; 0.0069; 0.0058; 0.0074; 0.0045; 0.0068; 0.0065
1992-06;-0.0473;-0.0534;-0.0409;-0.0351;-0.0319;-0.0251;-0.0283;-0.0144;-0.0176; -0.016
1992-07; 0.0244; 0.0312; 0.0413; 0.0342; 0.0385; 0.0483; 0.0388; 0.0448; 0.0426; 0.0406
1992-08;-0.0319;-0.0312;-0.0267;-0.0253;-0.0335;-0.0245; -0.026;-0.0193;-0.0249;-0.0183
1992-09; 0.0081; 0.0133; 0.0343; 0.0197; 0.0184; 0.0315; 0.0132; 0.0172; 0.0251; 0.0091
1992-10; 0.0128; 0.0319; 0.0351; 0.0353;  0.039; 0.0341; 0.0251; 0.0316; 0.0192; 0.0006
1992-11; 0.0758; 0.1036; 0.0824; 0.0739; 0.0748; 0.0665; 0.0458; 0.0498;  0.045; 0.0321
1992-12; 0.0488; 0.0316; 0.0287; 0.0355;  0.035; 0.0408; 0.0288; 0.0297; 0.0124;  0.011
1993-01; 0.0774; 0.0366; 0.0349;  0.024; 0.0234; 0.0162; 0.0183; 0.0255; 0.0179; 0.0004
1993-02;  -0.02; -0.045;-0.0285;-0.0232; -0.016;-0.0176;-0.0016;-0.0009; 0.0076; 0.0123
1993-03; 0.0361; 0.0286; 0.0286; 0.0269; 0.0347; 0.0484; 0.0389; 0.0333; 0.0313; 0.0179
1993-04;-0.0165;-0.0333;-0.0284;-0.0273;-0.0326; -0.023;-0.0246;-0.0302;-0.0273;-0.0279
1993-05; 0.0347; 0.0468; 0.0537; 0.0395; 0.0487; 0.0493; 0.0307; 0.0404; 0.0231; 0.0268
1993-06; 0.0139;-0.0023; 0.0017; 0.0075; 0.0197;-0.0047; 0.0136; 0.0133; 0.0041; 0.0022
1993-07; 0.0134; 0.0124; 0.0126; 0.0099; 0.0136;-0.0007; 0.0043; 0.0016; 0.0053;-0.0067
1993-08; 0.0372; 0.0438;  0.046; 0.0499;  0.037;  0.045; 0.0424; 0.0563; 0.0406; 0.0349
1993-09; 0.0378; 0.0252;  0.026; 0.0365; 0.0243;  0.014; 0.0061; 0.0011;-0.0015; -0.006
1993-10;   0.05; 0.0425; 0.0394; 0.0129; 0.0219; 0.0003; 0.0064; 0.0128; 0.0049; 0.0193
1993-11;-0.0295;-0.0323;-0.0317; -0.037;-0.0279;-0.0234;-0.0374;-0.0229;-0.0115;-0.0088
1993-12; 0.0007; 0.0148;  0.029; 0.0372; 0.0478; 0.0408; 0.0427;  0.038; 0.0236; 0.0068
1994-01; 0.0552; 0.0371; 0.0323; 0.0213;   0.02; 0.0273; 0.0309; 0.0314; 0.0265; 0.0321
1994-02; -0.008;-0.0092; -0.005;-0.0093; 0.0073; -0.003;-0.0135;-0.0181;-0.0207;-0.0323
1994-03;-0.0454;-0.0516;-0.0662;-0.0557; -0.045;-0.0523;-0.0419;-0.0499; -0.036; -0.043
1994-04;-0.0132;-0.0076;-0.0012; 0.0075; 0.0011; 0.0037; 0.0106; 0.0044; 0.0029; 0.0156
1994-05;-0.0039;-0.0103;-0.0112;-0.0141;-0.0171;-0.0068;-0.0118; 0.0052; 0.0084; 0.0205
1994-06;-0.0212;-0.0386;-0.0341;-0.0278;-0.0326;-0.0177;-0.0307;-0.0331;  -0.03;-0.0237
1994-07; 0.0066; 0.0033;  0.024; 0.0204; 0.0225; 0.0344;   0.04; 0.0311; 0.0328; 0.0325
1994-08; 0.0263; 0.0468; 0.0553;  0.067; 0.0698; 0.0495; 0.0523; 0.0484; 0.0489; 0.0377
1994-09; 0.0149; 0.0112; 0.0088;-0.0084;-0.0063;-0.0086;-0.0183;-0.0199;-0.0292;-0.0229
1994-10; 0.0055;  0.004;-0.0011;-0.0041;-0.0051; 0.0181; 0.0047; 0.0013;  0.018; 0.0258
1994-11;-0.0379;-0.0358;-0.0373;-0.0401;-0.0379;-0.0558; -0.054; -0.035;-0.0409;-0.0311
1994-12;-0.0234; 0.0001; 0.0168; 0.0233;  0.028;  0.024; 0.0153; 0.0105; 0.0074; 0.0142
1995-01; 0.0302; 0.0129;-0.0033;-0.0108;-0.0215; 0.0001; 0.0128; 0.0139; 0.0309; 0.0296
1995-02; 0.0219; 0.0366; 0.0375; 0.0389; 0.0453; 0.0578; 0.0549; 0.0426; 0.0557; 0.0341
1995-03; 0.0202;  0.012; 0.0373; 0.0183; 0.0238; 0.0201; 0.0298; 0.0221; 0.0329; 0.0263
1995-04; 0.0294; 0.0255; 0.0236; 0.0148; 0.0209; 0.0101;  0.025; 0.0122; 0.0157; 0.0328
1995-05; 0.0225; 0.0178; 0.0207; 0.0116; 0.0096;  0.024; 0.0194; 0.0266; 0.0386; 0.0419
1995-06; 0.0761; 0.0576; 0.0647; 0.0577; 0.0406; 0.0429; 0.0525;  0.031; 0.0241; 0.0238
1995-07; 0.0529; 0.0707; 0.0617; 0.0721; 0.0622;  0.058; 0.0622; 0.0516; 0.0382; 0.0329
1995-08; 0.0467; 0.0388; 0.0177;   0.02; 0.0226;  0.011; 0.0116; 0.0181; 0.0205; 0.0026
1995-09; 0.0232; 0.0269; 0.0163; 0.0207; 0.0171; 0.0144; 0.0249; 0.0231; 0.0265; 0.0505
1995-10;-0.0497;-0.0426;-0.0632;-0.0632;-0.0398;-0.0195;-0.0092;-0.0309;-0.0206; 0.0044
1995-11; 0.0054; 0.0291; 0.0434; 0.0521; 0.0369; 0.0556; 0.0456; 0.0447; 0.0531; 0.0421
1995-12;  0.008; 0.0267; 0.0295; 0.0277; 0.0144; 0.0273; 0.0035;-0.0025; 0.0078; 0.0192
1996-01; 0.0258; 0.0012;-0.0038;-0.0031; 0.0003;-0.0072; 0.0079; 0.0249; 0.0313;  0.036
1996-02; 0.0293; 0.0324;  0.033; 0.0391; 0.0338; 0.0294; 0.0312; 0.0163; 0.0244; 0.0105
1996-03; 0.0285; 0.0307; 0.0159;   0.03; 0.0246; 0.0288; 0.0239; 0.0088; 0.0103; 0.0074
1996-04; 0.0715; 0.0789; 0.0772;  0.064; 0.0449; 0.0394; 0.0366; 0.0331;  0.018; 0.0116
1996-05; 0.0898;  0.055; 0.0581; 0.0442; 0.0332; 0.0181; 0.0133; 0.0151; 0.0172; 0.0277
1996-06;-0.0477;-0.0437;-0.0357;-0.0457;-0.0345;-0.0315;-0.0205;-0.0152;-0.0084; 0.0083
1996-07;-0.0906;-0.0942;-0.1119;-0.0897;-0.0887;-0.0842;-0.0586;-0.0647;-0.0634;-0.0405
1996-08; 0.0334; 0.0513; 0.0566; 0.0634; 0.0708; 0.0612; 0.0543; 0.0513;  0.037; 0.0181
1996-09; 0.0209; 0.0372; 0.0417; 0.0394; 0.0445; 0.0522;  0.042;  0.049; 0.0526; 0.0598
1996-10; -0.026; -0.017;-0.0129;-0.0195;-0.0308;  -0.02; 0.0084;-0.0041; 0.0101;  0.027
1996-11; 0.0137; 0.0289; 0.0335; 0.0247; 0.0388; 0.0479; 0.0557;  0.061; 0.0675; 0.0785
1996-12; 0.0034; 0.0197; 0.0272; 0.0244; 0.0083; 0.0036; 0.0053;-0.0094;-0.0227;-0.0181
1997-01;  0.064; 0.0402; 0.0302; 0.0217; 0.0328; 0.0104; 0.0318; 0.0285; 0.0473; 0.0683
1997-02;-0.0137; -0.025;-0.0392;-0.0267;-0.0159; -0.025;-0.0022;-0.0002;-0.0008; 0.0072
1997-03;-0.0442;-0.0488;-0.0603;-0.0473;-0.0541;-0.0419;-0.0508;-0.0467;-0.0419;-0.0446
1997-04;-0.0312;-0.0395;-0.0128;-0.0073; 0.0118; 0.0223; 0.0231; 0.0193; 0.0303; 0.0668
1997-05; 0.0794; 0.1084;   0.13; 0.1218; 0.1151; 0.0958; 0.0864; 0.0766; 0.0727; 0.0594
1997-06; 0.0518; 0.0658; 0.0545; 0.0509; 0.0504; 0.0443;  0.038;  0.031; 0.0283; 0.0476
1997-07; 0.0482; 0.0591;  0.033; 0.0637; 0.0559; 0.0624; 0.0642; 0.0736;   0.09; 0.0814
1997-08; 0.0424; 0.0447; 0.0364; 0.0247; 0.0266; 0.0101; 0.0045;-0.0005;-0.0197;-0.0625
1997-09; 0.1002; 0.0907; 0.0814; 0.0772; 0.0803; 0.0581; 0.0663; 0.0449; 0.0575; 0.0538
1997-10;-0.0202;-0.0399; -0.049;-0.0397;-0.0533;-0.0351;-0.0461;  -0.05;-0.0327; -0.029
1997-11;-0.0269;-0.0124;-0.0146;-0.0234;-0.0064;-0.0061; 0.0148; 0.0197;  0.027; 0.0509
1997-12;-0.0346; 0.0008; 0.0048;  0.012; 0.0142; 0.0241; 0.0271; 0.0124; 0.0357; 0.0175
1998-01;-0.0043;-0.0094;-0.0039;-0.0148;-0.0072;-0.0169;-0.0092;-0.0111; -0.024; 0.0196
1998-02; 0.0514; 0.0705; 0.0755; 0.0823; 0.0852; 0.0865; 0.0762; 0.0752; 0.0821; 0.0712
1998-03; 0.0516; 0.0536; 0.0414; 0.0491; 0.0435; 0.0453; 0.0509; 0.0466; 0.0485; 0.0532
1998-04; 0.0283; 0.0239; 0.0048; 0.0174; 0.0028; 0.0101; 0.0096;-0.0014; 0.0035; 0.0164
1998-05;-0.0426;-0.0513;-0.0507;-0.0613;-0.0574;-0.0581;-0.0399;-0.0361;-0.0242;-0.0159
1998-06;-0.0303; 0.0144;-0.0015; 0.0137; 0.0166; 0.0066; 0.0085; 0.0009; 0.0263; 0.0507
1998-07;-0.0616;-0.0608;-0.0756;-0.0771;-0.0759;-0.0798;-0.0543;-0.0553;-0.0431; 0.0003
1998-08;-0.2081;-0.2257;-0.2096;-0.1929;-0.2007;-0.2009;-0.1862; -0.171;-0.1503;-0.1449
1998-09; 0.0117; 0.0552; 0.0679; 0.0794; 0.0661; 0.0744; 0.0461; 0.0703; 0.0616; 0.0679
1998-10; 0.0098; 0.0318; 0.0352; 0.0457; 0.0518; 0.0422; 0.0675; 0.0755; 0.0782;  0.078
1998-11; 0.0785; 0.0838; 0.0701;  0.063; 0.0698; 0.0507; 0.0489; 0.0398; 0.0565; 0.0671
1998-12; 0.0054; 0.0425; 0.0575;  0.056; 0.0615; 0.0774; 0.0569;  0.062; 0.0589; 0.0675
1999-01;  0.072; 0.0392; 0.0202;-0.0013; 0.0261; 0.0046;-0.0086;-0.0159; 0.0149; 0.0493
1999-02; -0.053;-0.0737;-0.0847;-0.0934;-0.0872;-0.0709;-0.0429;-0.0427; -0.019;-0.0341
1999-03;-0.0358;-0.0225;-0.0006;  0.015; 0.0446; 0.0252; 0.0079; 0.0398; 0.0473; 0.0399
1999-04;   0.08; 0.1135; 0.0974; 0.0617; 0.1099; 0.0968; 0.0713; 0.1008; 0.0615; 0.0293
1999-05; 0.0313;  0.012; 0.0165; 0.0193;-0.0011;-0.0008;  0.027; 0.0064;-0.0145;-0.0272
1999-06; 0.0373; 0.1012; 0.0657; 0.0767; 0.0639; 0.0352; 0.0515; 0.0582;  0.026; 0.0541
1999-07;  0.023; 0.0094;-0.0111;  -0.02;-0.0201;-0.0259;-0.0037;-0.0301;-0.0367; -0.034
1999-08;-0.0277;-0.0307; -0.043;-0.0388;-0.0247;-0.0426;-0.0387;-0.0138;  -0.02;-0.0031
1999-09;-0.0244;-0.0074; 0.0017;-0.0023; 0.0164; 0.0017;-0.0135;-0.0163;-0.0429;-0.0258
1999-10;-0.0067;-0.0144;-0.0079; -0.003; 0.0235; 0.0101; 0.0563; 0.0502; 0.0612; 0.0728
1999-11;   0.12; 0.0956; 0.0885;  0.079; 0.0683;  0.053; 0.0645; 0.0441; 0.0239; 0.0258
1999-12; 0.1279; 0.1558; 0.0978; 0.1334; 0.1158;   0.06; 0.1257; 0.1211; 0.0741;  0.063
2000-01; 0.1059; 0.0148; 0.0051;-0.0245;-0.0427; -0.034; -0.041;-0.0354;-0.0336;-0.0485
2000-02; 0.2935;  0.253; 0.1837; 0.1997; 0.1432; 0.0981; 0.1352; 0.1286; 0.0662;-0.0252
2000-03; -0.103;-0.1024;-0.0592;-0.0912;-0.0678; 0.0128; 0.0292; 0.0339; 0.0554; 0.1056
2000-04;-0.1811;-0.1211;-0.1173; -0.069;-0.0549;-0.0526;-0.0612;-0.0614;-0.0501;-0.0349
2000-05;-0.1032;-0.0733;-0.0844;-0.0555;-0.0322;-0.0347;-0.0596;-0.0373;-0.0314;-0.0265
2000-06; 0.1844; 0.2154; 0.1269; 0.1026; 0.0796; 0.0549; 0.0556; 0.0667; 0.0335; 0.0276
2000-07;-0.0181;  -0.02;-0.0149;-0.0409;-0.0316;-0.0288;-0.0377;-0.0156; -0.009;-0.0202
2000-08; 0.0373; 0.0818; 0.0571; 0.0568; 0.0771; 0.0794; 0.0732; 0.1029; 0.0914; 0.0716
2000-09; -0.031;-0.0361;-0.0385;-0.0306;-0.0494;-0.0333;-0.0436;-0.0475;-0.0086;-0.0552
2000-10;-0.0727;-0.0751;-0.0426;-0.0536;-0.0439;-0.0577;-0.0348;-0.0253;-0.0207;-0.0165
2000-11;-0.0898; -0.105;-0.0913;-0.1032;-0.1063;-0.1096;-0.0786;-0.0983;-0.0947;-0.0988
2000-12;-0.0229; 0.0132; 0.0598; 0.0744;  0.086; 0.0931; 0.0865; 0.0746; 0.0713;-0.0048
2001-01; 0.1727; 0.1476; 0.1041; 0.0756; 0.0467; 0.0517; 0.0254; 0.0402; 0.0272; 0.0352
2001-02;-0.0314;-0.0545;-0.0499;-0.0517; -0.068;-0.0744;-0.0554;-0.0775;-0.0503;-0.1057
2001-03;-0.0104;-0.0427;-0.0324;-0.0273;-0.0576;-0.0698;-0.0693;-0.0487;-0.0576;-0.0726
2001-04; 0.0312; 0.0738; 0.0696; 0.0697; 0.0822; 0.0833; 0.0888; 0.1053; 0.0763; 0.0794
2001-05; 0.0886; 0.1271; 0.0455; 0.0275; 0.0257; 0.0264; 0.0303; 0.0334; 0.0234; 0.0012
2001-06; 0.0206; 0.0289; 0.0804; 0.0598; 0.0418;-0.0002; 0.0114;-0.0069;-0.0157;-0.0235
2001-07;-0.0077;-0.0432;-0.0631;-0.0671;-0.0537;-0.0446;-0.0142;-0.0273;-0.0384;-0.0092
2001-08;-0.0321;-0.0326;-0.0393;-0.0462;-0.0367;-0.0432;-0.0424;-0.0532;-0.0463;-0.0676
2001-09;-0.1119;-0.1364;-0.1582; -0.161;-0.1534;-0.1302;-0.1193;-0.1471;-0.1095;-0.0711
2001-10; 0.0689; 0.0532; 0.0706;  0.072; 0.0779; 0.0764; 0.0467; 0.0467; 0.0367; 0.0165
2001-11; 0.0555; 0.0745;  0.086; 0.0999; 0.0823; 0.0773; 0.0761;  0.097; 0.0765; 0.0762
2001-12; 0.0663; 0.0777; 0.0745; 0.0694; 0.0596; 0.0644;  0.056;  0.045; 0.0246; 0.0042
2002-01; 0.0438;-0.0042; -0.011; -0.024;-0.0138;-0.0235; 0.0027;-0.0191; -0.002;-0.0133
2002-02;-0.0385;-0.0444;-0.0374;  -0.03;-0.0295;-0.0173;-0.0112;-0.0149;-0.0159; -0.022
2002-03; 0.0789; 0.0856; 0.0904; 0.0843; 0.0882; 0.0688;  0.057; 0.0655;   0.06; 0.0326
2002-04; 0.0192; 0.0168; 0.0167; 0.0153;-0.0023;-0.0089;-0.0151;-0.0094;-0.0315;-0.0696
2002-05; 0.0173; -0.037;-0.0562;-0.0474;-0.0516;-0.0299;-0.0152;-0.0146;-0.0096;-0.0083
2002-06;-0.0416; 0.0016;-0.0341;-0.0485;-0.0622;-0.0677;-0.0732;-0.0843;-0.0626;-0.0746
2002-07;-0.1143;-0.1698;-0.1516;-0.1616;-0.1378;-0.0888;-0.0998; -0.099;-0.0975;-0.0648
2002-08;-0.0075;-0.0165;-0.0084; 0.0116;  0.009;  0.011; 0.0136;-0.0007; 0.0066; 0.0072
2002-09;-0.0789;-0.0811;-0.0747;-0.0684;-0.0739;  -0.09;-0.0874;-0.1107;-0.0886;-0.1082
2002-10; 0.0348; 0.0283; 0.0434; 0.0319;  0.052; 0.0404; 0.0495; 0.0567;  0.063; 0.0944
2002-11; 0.1152; 0.1237; 0.1034; 0.0941; 0.0841; 0.0771; 0.0869; 0.0899; 0.0537; 0.0524
2002-12;-0.0413;-0.0625;-0.0666;-0.0582; -0.057;-0.0443;-0.0534;-0.0462;-0.0387;-0.0623
2003-01; 0.0198;-0.0247;-0.0294;-0.0257;-0.0283;-0.0296;-0.0178;-0.0188;-0.0177;  -0.03
2003-02; -0.011;-0.0475;-0.0239;-0.0286;-0.0367;-0.0233;-0.0168;-0.0244;-0.0084;-0.0188
2003-03; 0.0172; 0.0097; 0.0074; 0.0172; 0.0118; 0.0136; 0.0068; 0.0057; 0.0139; 0.0118
2003-04; 0.0974;  0.101; 0.1039; 0.0944; 0.1074; 0.0882; 0.0899; 0.0781; 0.0657; 0.0834
2003-05; 0.1414; 0.1356; 0.1114; 0.1127; 0.1024; 0.0809; 0.0967; 0.0945; 0.0879; 0.0443
2003-06; 0.0557; 0.0553; 0.0195; 0.0164; 0.0171; 0.0193; 0.0193; 0.0126; 0.0014; 0.0151
2003-07; 0.0909; 0.0767; 0.0784; 0.0636; 0.0449; 0.0442; 0.0391; 0.0355;  0.022;  0.016
2003-08; 0.0501; 0.0477; 0.0464; 0.0475; 0.0547; 0.0518; 0.0559; 0.0425; 0.0378; 0.0127
2003-09; 0.0435; 0.0029;-0.0232; -0.026;-0.0252;-0.0162; -0.016;-0.0144;-0.0163;-0.0099
2003-10; 0.0948; 0.0891; 0.0898; 0.0874; 0.0852; 0.0875; 0.0773; 0.0821; 0.0693; 0.0517
2003-11; 0.0491; 0.0418; 0.0334; 0.0342; 0.0325; 0.0359; 0.0345; 0.0247; 0.0222;  0.006
2003-12; 0.0268; 0.0225; 0.0235; 0.0232; 0.0182; 0.0281; 0.0201; 0.0295; 0.0334; 0.0531
2004-01;  0.084; 0.0569; 0.0482; 0.0416; 0.0338; 0.0306; 0.0329; 0.0234; 0.0263; 0.0157
2004-02; 0.0039; 0.0007;-0.0002; 0.0151; 0.0077; 0.0275; 0.0239; 0.0207;   0.02; 0.0127
2004-03;-0.0044;-0.0091; 0.0065;  0.012; 0.0131; 0.0082;-0.0006;-0.0037;-0.0024;-0.0194
2004-04;-0.0391;-0.0584;-0.0456;-0.0452;-0.0303;-0.0391;-0.0341;-0.0297; -0.019;-0.0096
2004-05;-0.0034;-0.0064; 0.0181; 0.0192; 0.0169; 0.0174; 0.0227; 0.0224; 0.0203; 0.0089
2004-06; 0.0185; 0.0534; 0.0512; 0.0526; 0.0337;  0.026; 0.0287; 0.0235; 0.0269; 0.0126
2004-07;-0.0695;-0.0956; -0.067; -0.066;-0.0578;-0.0564;-0.0499;-0.0531;-0.0372; -0.032
2004-08;-0.0145;-0.0126; -0.004; -0.017;-0.0047;-0.0115;-0.0044;-0.0041; 0.0044; 0.0043
2004-09; 0.0382; 0.0524; 0.0573; 0.0558; 0.0425; 0.0347; 0.0387; 0.0318; 0.0381; 0.0041
2004-10; 0.0134; 0.0194; 0.0263; 0.0171; 0.0191; 0.0242; 0.0228; 0.0252; 0.0324; 0.0088
2004-11; 0.0807; 0.1007; 0.0922; 0.0865; 0.0744; 0.0633; 0.0667; 0.0679; 0.0559; 0.0343
2004-12; 0.0645; 0.0313; 0.0404; 0.0262; 0.0286; 0.0401; 0.0532;  0.038; 0.0314; 0.0348
2005-01;-0.0343;-0.0456; -0.043;-0.0318;-0.0371;-0.0256;-0.0162;-0.0361;-0.0135;-0.0256
2005-02; 0.0085; -0.001; 0.0246; 0.0298; 0.0218; 0.0202; 0.0314; 0.0239; 0.0333; 0.0176
2005-03;-0.0414;-0.0367;-0.0252;-0.0227;-0.0266;-0.0153;-0.0086;-0.0111;-0.0012;-0.0197
2005-04;-0.0577;-0.0655; -0.066;-0.0621;-0.0537;-0.0437; -0.038;-0.0397;-0.0305;-0.0124
2005-05; 0.0427; 0.0664; 0.0734; 0.0754; 0.0641; 0.0531; 0.0598; 0.0558; 0.0363; 0.0306
2005-06; 0.0403; 0.0488; 0.0407; 0.0392; 0.0322; 0.0255; 0.0302; 0.0234; 0.0264;-0.0066
2005-07; 0.0784; 0.0645; 0.0749; 0.0615; 0.0592; 0.0532; 0.0558; 0.0523;  0.049; 0.0326
2005-08;-0.0103;-0.0154;-0.0188;-0.0141;-0.0167; -0.008;-0.0074;-0.0052;-0.0127;-0.0077
2005-09; 0.0122;-0.0006; 0.0013; 0.0101; 0.0054; 0.0104; 0.0103;  0.012; 0.0186;  0.005
2005-10;-0.0344; -0.028;-0.0261;-0.0343; -0.034; -0.029;-0.0299;-0.0263;-0.0237;-0.0105
2005-11; 0.0316; 0.0537; 0.0498; 0.0489; 0.0502; 0.0589; 0.0396; 0.0474;  0.039; 0.0359
2005-12; 0.0106;-0.0033; 0.0038;-0.0089;-0.0043;  0.013; 0.0094; 0.0129; 0.0069;-0.0034
2006-01; 0.0854; 0.0997; 0.0909;  0.085; 0.0821; 0.0609; 0.0535;  0.045; 0.0403;  0.018
2006-02; 0.0124;-0.0097; 0.0011;-0.0093;-0.0075; -0.005;-0.0013; 0.0013;-0.0039; 0.0029
2006-03; 0.0531;  0.046; 0.0486; 0.0475; 0.0469; 0.0319; 0.0258;  0.027; 0.0155;  0.011
2006-04; 0.0025;-0.0026; 0.0147; 0.0049; 0.0051; 0.0028; 0.0181; 0.0099; 0.0121; 0.0116
2006-05;-0.0574;-0.0585;-0.0517;-0.0518;-0.0612; -0.035;-0.0396;-0.0335;-0.0359;-0.0224
2006-06;-0.0117;-0.0049; 0.0013; 0.0021; 0.0004;-0.0055; -0.004;-0.0064; 0.0073; 0.0013
2006-07;-0.0358;-0.0385;-0.0374;-0.0377;-0.0385; -0.035; -0.042;-0.0289;-0.0081; 0.0111
2006-08; 0.0205; 0.0331; 0.0367; 0.0234; 0.0259; 0.0227;  0.017; 0.0258; 0.0232; 0.0248
2006-09;  0.009; 0.0026; 0.0156; 0.0056; 0.0112; 0.0087; 0.0215; 0.0165; 0.0202; 0.0268
2006-10; 0.0525; 0.0642; 0.0578; 0.0531; 0.0502; 0.0444; 0.0351; 0.0429; 0.0358; 0.0318
2006-11; 0.0232; 0.0205; 0.0291; 0.0212; 0.0383;   0.04;  0.039; 0.0377; 0.0293; 0.0141
2006-12; 0.0246; 0.0128;-0.0038; 0.0029; 0.0021; 0.0038; 0.0063; 0.0011; 0.0017; 0.0182
2007-01; 0.0151; 0.0092; 0.0208;  0.013; 0.0273; 0.0313;  0.034; 0.0319; 0.0286; 0.0125
2007-02;-0.0043;-0.0078;-0.0043;-0.0051; 0.0042; 0.0097; 0.0016; 0.0001; 0.0025; -0.027
2007-03; 0.0079; 0.0061; 0.0109; 0.0031; 0.0274;  0.015; 0.0146; 0.0088; 0.0082; 0.0117
2007-04; 0.0174; 0.0115; 0.0193; 0.0197; 0.0335; 0.0388;  0.041; 0.0426; 0.0379; 0.0443
2007-05; 0.0222;  0.034; 0.0357; 0.0383; 0.0537; 0.0515; 0.0431; 0.0415; 0.0324; 0.0342
2007-06;-0.0043;-0.0001;-0.0129;-0.0199;-0.0095;-0.0078;-0.0158;-0.0199; -0.017;-0.0169
2007-07;-0.0618;-0.0753;-0.0667; -0.059;-0.0527;-0.0438;-0.0478;-0.0432;-0.0287;-0.0262
2007-08;-0.0146; 0.0137; 0.0261; 0.0136; 0.0153;-0.0079;-0.0071; 0.0052;-0.0035; 0.0217
2007-09; 0.0168; 0.0093; 0.0092; 0.0133; 0.0216;   0.03; 0.0281;  0.023; 0.0374; 0.0403
2007-10; 0.0094; 0.0176; 0.0199; 0.0286; 0.0262; 0.0267; 0.0175; 0.0193; 0.0212; 0.0202
2007-11; -0.088;-0.0857;-0.0764;-0.0681;-0.0564;-0.0622;-0.0486;-0.0519;-0.0363;-0.0394
2007-12;-0.0044;-0.0068;-0.0063; 0.0055;-0.0119;-0.0076;-0.0177;-0.0083; 0.0014;-0.0069
2008-01;-0.0681;-0.0855;-0.0721;-0.0692;-0.0578;-0.0619;-0.0481;-0.0645;-0.0569;-0.0597
2008-02;-0.0327;-0.0537;-0.0219;-0.0371;-0.0378; -0.005;-0.0184;-0.0233;-0.0252;-0.0324
2008-03; -0.022;-0.0019; 0.0076; 0.0083;-0.0112;-0.0096;  -0.03;-0.0092; -0.021;-0.0022
2008-04; 0.0096; 0.0271; 0.0251; 0.0362; 0.0623; 0.0927; 0.0553; 0.0563; 0.0628; 0.0399
2008-05; 0.0344;  0.039; 0.0493; 0.0611; 0.0536;  0.049; 0.0505; 0.0432; 0.0337; 0.0074
2008-06;-0.0707;-0.0982;-0.0893;-0.0673;-0.0713;-0.0699;-0.0723;  -0.09;-0.0665; -0.088
2008-07; 0.0245; 0.0646; 0.0433; 0.0396; 0.0094; 0.0122;-0.0228;-0.0239;-0.0249;-0.0049
2008-08; 0.0254; 0.0452; 0.0425; 0.0621; 0.0364; 0.0314; 0.0195; 0.0239;  0.008; 0.0131
2008-09;-0.0975;-0.0734;-0.0766;-0.0709;-0.1075;-0.0964;-0.1148;-0.1312;-0.1187;-0.0796
2008-10;-0.2067;-0.2039; -0.218;-0.2088;-0.1972;-0.1956; -0.221;-0.2037;-0.2115;-0.1485
2008-11;-0.1597;-0.1191;-0.1227;-0.1076;-0.1231;-0.0806;-0.0999;-0.0872;-0.1032;-0.0616
2008-12; 0.0229; 0.0527; 0.0666; 0.0527; 0.0399; 0.0495; 0.0385; 0.0428; 0.0292; 0.0073
2009-01;-0.0768;-0.1425;-0.1013; -0.113;-0.1011;-0.0844;-0.0535;-0.0743;-0.0624;-0.0814
2009-02;-0.1313;-0.1234;-0.1236;-0.1177;   -0.1;-0.0994;-0.0989;-0.0873;-0.0984;   -0.1
2009-03; 0.0951; 0.1011; 0.0981; 0.1073; 0.0994; 0.0952; 0.1027; 0.0797; 0.0846; 0.0883
2009-04; 0.1538; 0.1911; 0.1607; 0.1615; 0.1811; 0.1355; 0.1371; 0.1321;  0.141; 0.0753
2009-05;  0.094; 0.0177; 0.0289; 0.0356; 0.0155; 0.0229; 0.0355; 0.0464; 0.0527; 0.0555
2009-06; 0.0528; 0.0366; 0.0261; 0.0136; 0.0176; 0.0004; 0.0099; 0.0033; 0.0006; 0.0026
2009-07;  0.104; 0.1004; 0.1098; 0.0924; 0.1034; 0.0968; 0.0834;  0.089; 0.0856; 0.0704
2009-08;  0.075; 0.0447; 0.0294; 0.0397; 0.0394; 0.0304; 0.0399;  0.051;  0.037; 0.0292
2009-09;  0.064; 0.0706; 0.0787; 0.0571; 0.0585;  0.069; 0.0655; 0.0643; 0.0476; 0.0312
2009-10; -0.079; -0.087; -0.082;-0.0692;-0.0671;-0.0502;-0.0444;-0.0454;-0.0316;-0.0104
2009-11; 0.0161; 0.0184; 0.0357; 0.0254; 0.0359; 0.0443;  0.053; 0.0403; 0.0456; 0.0642
2009-12; 0.0655; 0.0954; 0.0947;  0.088; 0.0747;  0.072; 0.0531; 0.0648; 0.0431; 0.0111
2010-01;-0.0098;-0.0428;-0.0324; -0.024;-0.0382;-0.0322;-0.0358;-0.0364;-0.0306;-0.0349
2010-02;  0.044; 0.0627; 0.0415; 0.0368; 0.0621; 0.0483; 0.0457; 0.0593; 0.0386; 0.0272
2010-03; 0.0782; 0.0841;  0.082; 0.0873; 0.0765; 0.0809; 0.0732; 0.0809; 0.0578; 0.0567
2010-04; 0.1055; 0.0769; 0.0571; 0.0495; 0.0598; 0.0351; 0.0521;  0.037; 0.0238; 0.0072
2010-05;-0.0858;-0.0834;-0.0785;-0.0768;-0.0791;-0.0701;-0.0756;-0.0672;-0.0747;-0.0807
2010-06; -0.093;-0.0808;-0.0786;-0.0815;-0.0804;-0.0674;-0.0669;-0.0645;-0.0487;-0.0502
2010-07; 0.0538; 0.0624;  0.069; 0.0683; 0.0756; 0.0653; 0.0676; 0.0752; 0.0722; 0.0685
2010-08;-0.0857;-0.0927;-0.0786;-0.0668;-0.0738;-0.0542; -0.052;-0.0452;-0.0428;-0.0441
2010-09; 0.1112; 0.1201; 0.1261; 0.1355;  0.132; 0.1248; 0.1045; 0.1099; 0.1017; 0.0859
2010-10; 0.0459; 0.0611; 0.0427; 0.0286; 0.0413; 0.0413; 0.0188; 0.0409; 0.0357; 0.0397
2010-11; 0.0245; 0.0452; 0.0344; 0.0407; 0.0398; 0.0404; 0.0213; 0.0309; 0.0125;-0.0057
2010-12; 0.0897;  0.086; 0.0913; 0.0739; 0.0808; 0.0705; 0.0819; 0.0623; 0.0676; 0.0643
2011-01; 0.0051;-0.0272; 0.0058;  0.009; 0.0025; 0.0232; 0.0234; 0.0235; 0.0151; 0.0239
2011-02; 0.0443; 0.0483; 0.0655; 0.0519; 0.0539; 0.0581; 0.0361; 0.0423; 0.0393; 0.0304
2011-03; 0.0132;  0.036; 0.0348; 0.0216; 0.0269; 0.0315; 0.0185; 0.0221; 0.0106;-0.0036
2011-04; 0.0025; 0.0216; 0.0131; 0.0291; 0.0344; 0.0352; 0.0291; 0.0261; 0.0338; 0.0301
2011-05;-0.0257;-0.0246;-0.0358; -0.008;-0.0206;-0.0109;-0.0153;-0.0007;-0.0065;-0.0138
2011-06; -0.024;-0.0291;-0.0204;-0.0047;-0.0194;-0.0153;-0.0219;-0.0192;-0.0145;-0.0166
2011-07; -0.025;-0.0277; -0.041;-0.0412;-0.0458;-0.0397; -0.038;-0.0322;-0.0385;-0.0145
2011-08;-0.1063;-0.1085;-0.0992; -0.092;-0.0798;-0.0869;-0.0806; -0.071;-0.0564;-0.0507
2011-09;-0.1086;-0.1126;-0.1124;-0.1111;-0.1121;-0.1157;-0.1089;-0.0919;-0.0837;-0.0619
2011-10; 0.1028; 0.1542; 0.1563; 0.1527; 0.1528; 0.1524; 0.1482;   0.13; 0.1151; 0.1021
2011-11;-0.0232; -0.006;-0.0038; 0.0011;-0.0164; 0.0056; 0.0028;-0.0042;-0.0057; -0.001
2011-12; 0.0135; 0.0067;-0.0003; 0.0038;  0.002;-0.0037;-0.0038;-0.0033;-0.0078;  0.014
2012-01; 0.0824; 0.0917; 0.0727; 0.0637; 0.0623; 0.0641; 0.0612; 0.0617; 0.0556; 0.0436
2012-02; 0.0266; 0.0076; 0.0343; 0.0339; 0.0339;  0.046; 0.0453; 0.0473; 0.0433; 0.0454
2012-03; 0.0473; 0.0272; 0.0222; 0.0256; 0.0257; 0.0054; 0.0183; 0.0196; 0.0247;  0.036
2012-04;-0.0104;-0.0256;-0.0217;-0.0099; -0.011;-0.0111; -0.008;-0.0048;-0.0048;-0.0076
2012-05;-0.0577;-0.0796;-0.0694;-0.0546;-0.0691;-0.0723;-0.0747;-0.0747;-0.0649;-0.0568
2012-06; 0.0611; 0.0577; 0.0586; 0.0451; 0.0397;  0.031; 0.0188; 0.0224; 0.0297; 0.0431
2012-07;-0.0186;-0.0225;-0.0192;-0.0149;-0.0238; -0.002;-0.0026;-0.0083; 0.0043;  0.015
2012-08; 0.0251;  0.029; 0.0321; 0.0233; 0.0461; 0.0374; 0.0434; 0.0365; 0.0285; 0.0213
2012-09; 0.0489; 0.0405; 0.0538; 0.0342; 0.0205; 0.0309; 0.0189; 0.0238; 0.0218; 0.0282
2012-10;-0.0282;-0.0374;-0.0276;-0.0258;-0.0026; -0.013;-0.0094;  0.001;-0.0158;  -0.02
2012-11;-0.0103; 0.0182; 0.0071; 0.0019; 0.0215; 0.0231; 0.0254; 0.0131;  0.014; 0.0037
2012-12;  0.018; 0.0474; 0.0393; 0.0324; 0.0315; 0.0272; 0.0222; 0.0281; 0.0212;  0.004
2013-01; 0.0723;  0.046; 0.0649; 0.0663; 0.0638; 0.0672; 0.0807; 0.0697; 0.0656; 0.0487
2013-02; 0.0077; 0.0067; 0.0169; 0.0098; 0.0148; 0.0133; 0.0179; 0.0084; 0.0173; 0.0125
2013-03; 0.0547; 0.0517; 0.0456; 0.0468; 0.0471; 0.0497; 0.0477; 0.0436; 0.0442; 0.0373
2013-04; 0.0072;-0.0026;-0.0106;-0.0042;-0.0068;-0.0098; 0.0077; 0.0104; 0.0167; 0.0198
2013-05; 0.0467; 0.0636; 0.0656; 0.0492; 0.0485; 0.0445;  0.052; 0.0239; 0.0214; 0.0252
2013-06; 0.0137;-0.0005; 0.0109;-0.0026;-0.0009;-0.0133;-0.0145;-0.0192;-0.0057;-0.0149
2013-07;  0.079; 0.0838; 0.0768; 0.0624; 0.0759; 0.0767; 0.0665; 0.0673; 0.0549; 0.0517
2013-08;-0.0278;-0.0285;-0.0303;-0.0215;-0.0347;-0.0214;-0.0279;-0.0213;-0.0251;-0.0284
2013-09; 0.0663; 0.0743; 0.0659; 0.0634; 0.0523;   0.06; 0.0575; 0.0499; 0.0418; 0.0296
2013-10; 0.0198; 0.0137; 0.0284; 0.0127; 0.0383;  0.037; 0.0349; 0.0316; 0.0354; 0.0477
2013-11; 0.0546; 0.0612; 0.0384;  0.047; 0.0343; 0.0332; 0.0177; 0.0196; 0.0214;  0.034
2013-12; 0.0258; 0.0156; 0.0261; 0.0196; 0.0285; 0.0284; 0.0308; 0.0336;  0.029; 0.0252
2014-01; 0.0061;-0.0301;-0.0236;-0.0367;-0.0276; -0.018;-0.0285;-0.0287;-0.0219;-0.0387
2014-02; 0.0439; 0.0486; 0.0487; 0.0452; 0.0481; 0.0602; 0.0525; 0.0616; 0.0602;  0.041
2014-03;-0.0087; 0.0012;-0.0019; -0.007;-0.0092;-0.0103;-0.0035; -0.001;-0.0018; 0.0107
2014-04;-0.0568;-0.0549;-0.0421;-0.0373;-0.0316; -0.024;-0.0135;-0.0146;-0.0019; 0.0093
2014-05;-0.0066;-0.0101;-0.0019; 0.0066; 0.0136; 0.0136; 0.0128; 0.0272; 0.0241;  0.022
2014-06; 0.0466; 0.0606; 0.0616; 0.0621; 0.0511;  0.052; 0.0482; 0.0365; 0.0276; 0.0163
2014-07;-0.0611;-0.0734;-0.0688;-0.0507;-0.0608; -0.052;-0.0461;-0.0254;  -0.02;-0.0107
2014-08; 0.0387; 0.0371;  0.052;  0.051; 0.0466; 0.0561; 0.0533; 0.0497; 0.0469; 0.0384
2014-09;-0.0493;-0.0697; -0.053;-0.0539;-0.0518;-0.0539; -0.043;-0.0344;-0.0223;-0.0095
2014-10; 0.0357; 0.0667; 0.0658; 0.0606; 0.0478; 0.0415; 0.0116; 0.0355; 0.0288;   0.02
2014-11; -0.011;-0.0105; 0.0052;-0.0019; 0.0174; 0.0132; 0.0119; 0.0314;  0.029; 0.0286
2014-12; 0.0471; 0.0593;  0.036; 0.0133; 0.0161; 0.0041;  0.001;  0.007;-0.0006;-0.0053
2015-01;-0.0372;-0.0558;-0.0393;-0.0415; -0.041;-0.0172;-0.0246;-0.0126;-0.0219;-0.0346
2015-02; 0.0471; 0.0655; 0.0746; 0.0596; 0.0727; 0.0728; 0.0702; 0.0746;   0.06; 0.0585
2015-03; 0.0149; 0.0137; 0.0185; 0.0222;  0.012; 0.0087;  0.008; 0.0052;-0.0088;-0.0196
2015-04;-0.0197;-0.0277;-0.0237;-0.0218; -0.018; -0.015; 0.0008;-0.0144;-0.0012; 0.0153
2015-05; 0.0164; 0.0297; 0.0269; 0.0275; 0.0209; 0.0291; 0.0089; 0.0243; 0.0083; 0.0117
2015-06; 0.0106; 0.0432; 0.0198;-0.0025;  0.007;-0.0107;-0.0133;-0.0124;-0.0216;-0.0181
2015-07; -0.048;-0.0541;-0.0209;-0.0179; -0.023;-0.0139; 0.0111; 0.0059;  0.002; 0.0264
2015-08;-0.0356;-0.0564;-0.0562;-0.0669;-0.0661;-0.0464;-0.0619;-0.0553;-0.0455;-0.0637
2015-09;-0.0612;-0.0683;-0.0603; -0.062;-0.0544;-0.0581; -0.041;-0.0492;-0.0297;-0.0228
2015-10; 0.0374; 0.0652; 0.0581; 0.0485; 0.0665; 0.0528;  0.054; 0.0658; 0.0644; 0.0868
2015-11; 0.0284; 0.0395; 0.0426; 0.0493; 0.0318; 0.0087; 0.0097; 0.0103;-0.0043;  0.004
2015-12;-0.0405;-0.0539;-0.0526;-0.0474;-0.0583;-0.0439;-0.0401;-0.0381;-0.0247;-0.0143
2016-01;-0.0965;-0.1058;-0.1061;-0.0975;-0.0898;-0.0767;-0.0731; -0.079;-0.0565;-0.0508
2016-02;-0.0063;-0.0077; 0.0066;  0.003; 0.0088; 0.0186; 0.0157; 0.0063; 0.0134;-0.0054
2016-03; 0.0524; 0.0737; 0.0778;  0.082; 0.0896;  0.076; 0.0791; 0.0868; 0.0761; 0.0645
2016-04; 0.0442; 0.0276; 0.0327; 0.0161; 0.0202;  0.015;  0.015; 0.0189; 0.0096; 0.0053
2016-05; 0.0004;-0.0009; 0.0247; 0.0191;  0.009; 0.0193; 0.0224; 0.0308; 0.0118; 0.0174
2016-06;-0.0034;-0.0088;  0.007;-0.0089; 0.0048;-0.0155; -0.008;-0.0142;  0.013;-0.0014
2016-07; 0.0455; 0.0602; 0.0698; 0.0626;  0.061; 0.0574; 0.0438; 0.0437; 0.0447;  0.035
2016-08; 0.0308; 0.0392;  0.008; 0.0341; 0.0214; 0.0138;-0.0005; 0.0205;-0.0034; 0.0031
2016-09; 0.0475; 0.0366; 0.0278; 0.0154; 0.0067; 0.0051; 0.0005;-0.0011; 0.0114;-0.0003
2016-10;-0.0711;-0.0591;-0.0534;-0.0688;-0.0428;-0.0352; -0.034;-0.0155;-0.0287;-0.0129
2016-11; 0.0975; 0.1344; 0.1233; 0.1308; 0.1156; 0.0909; 0.0891; 0.0576; 0.0576; 0.0342
2016-12; 0.0338; 0.0502;  0.025; 0.0113;  0.018; 0.0126; 0.0117; 0.0039; 0.0129; 0.0213
2017-01;-0.0039;-0.0104; -0.002; 0.0106; 0.0136; 0.0148; 0.0267; 0.0255;  0.034; 0.0176
2017-02; 0.0124; 0.0013; 0.0269; 0.0109; 0.0117; 0.0219; 0.0274; 0.0337; 0.0272; 0.0421
2017-03; 0.0231; 0.0072;-0.0002; 0.0059; 0.0018;-0.0001; 0.0008; 0.0008;-0.0002; 0.0024
2017-04; 0.0015;  0.018; 0.0187; 0.0107; 0.0077; 0.0069; 0.0054;  0.012;  0.011; 0.0121
2017-05;-0.0212; -0.028;-0.0219;-0.0253;-0.0189;-0.0109; -0.003; 0.0046; 0.0232; 0.0149
2017-06; 0.0471;  0.062; 0.0466; 0.0333; 0.0243; 0.0262; 0.0212; 0.0147; 0.0004; 0.0052
2017-07;-0.0119;-0.0112; 0.0045; 0.0115; 0.0114; 0.0105; 0.0147; 0.0143; 0.0203;  0.022
2017-08;-0.0183; -0.012;-0.0136;-0.0266;-0.0125;-0.0105;-0.0049;-0.0007;-0.0129; 0.0089
2017-09; 0.0912; 0.0836; 0.0727; 0.0772; 0.0659; 0.0418; 0.0414;  0.037; 0.0233; 0.0188
2017-10;-0.0102; 0.0019; 0.0028; 0.0025; 0.0055; 0.0239; 0.0228; 0.0197; 0.0158; 0.0272
2017-11; 0.0295; 0.0318; 0.0269; 0.0262; 0.0312; 0.0394; 0.0332; 0.0487;  0.031; 0.0311
2017-12; 0.0078;-0.0018; 0.0015; 0.0058;      0; 0.0049; 0.0123; 0.0104; 0.0159;  0.012
2018-01; 0.0224; 0.0307; 0.0219; 0.0238; 0.0303; 0.0411; 0.0377; 0.0492; 0.0462; 0.0645
2018-02;-0.0393;-0.0282;-0.0308; -0.034;-0.0418;-0.0417;-0.0359;-0.0405;-0.0343;-0.0345
2018-03;  0.019; 0.0143; 0.0135; 0.0097; 0.0091; 0.0053; 0.0055;-0.0025;-0.0061;-0.0329
2018-04;  0.009;  0.017; 0.0187; 0.0133; 0.0174;-0.0115;-0.0039; 0.0001;-0.0001; 0.0056
2018-05; 0.0773; 0.0827; 0.0572; 0.0665; 0.0676; 0.0387; 0.0472; 0.0286; 0.0027; 0.0262
2018-06; 0.0115; 0.0208; 0.0102; 0.0103; 0.0085;-0.0059; 0.0008; 0.0107; 0.0037; 0.0063
2018-07;-0.0097;-0.0035; 0.0201; 0.0236; 0.0165; 0.0184; 0.0204; 0.0254; 0.0326; 0.0382
2018-08; 0.0285; 0.0483; 0.0526; 0.0423; 0.0297; 0.0528; 0.0355; 0.0308; 0.0296; 0.0368
2018-09; -0.018;-0.0278;-0.0337; -0.011;-0.0233;-0.0223;-0.0121;-0.0011;-0.0011; 0.0072
2018-10;-0.1066;-0.1207; -0.117;-0.1138;-0.1148;-0.0892;-0.1068;-0.0802;-0.0879;-0.0648
2018-11;-0.0206;-0.0059; 0.0114; 0.0275; 0.0157; 0.0146; 0.0392; 0.0129; 0.0252; 0.0179
2018-12;-0.1299;-0.1216;-0.1146;-0.1223;-0.1239;-0.1125;-0.1178;-0.1052;-0.0916;-0.0876
2019-01; 0.1044; 0.0992; 0.1029; 0.1029; 0.1314; 0.1176; 0.1255; 0.1014; 0.1037; 0.0751
2019-02; 0.0567; 0.0645; 0.0567; 0.0521;  0.044; 0.0586; 0.0599; 0.0414; 0.0495; 0.0297
2019-03;-0.0307;-0.0293;-0.0188;-0.0295;-0.0212;-0.0105;-0.0097; 0.0127; 0.0074; 0.0197
2019-04; 0.0122; 0.0217; 0.0308; 0.0277; 0.0392; 0.0536; 0.0473; 0.0344; 0.0388;  0.044
2019-05;-0.0651;-0.0765; -0.078;-0.0939;-0.0822;-0.0684;-0.0827;-0.0635;-0.0622;-0.0671
2019-06; 0.0486; 0.0641; 0.0785; 0.0744; 0.0763; 0.0787; 0.0852; 0.0749; 0.0703; 0.0694
2019-07;-0.0292;-0.0188; -0.007; 0.0008; 0.0081;  0.019;  0.013; 0.0142; 0.0112; 0.0161
2019-08;-0.0574;-0.0652;-0.0634;-0.0458;-0.0599;-0.0579;-0.0472;-0.0373;-0.0288;-0.0161
2019-09; 0.0251; 0.0314; 0.0243;  0.022; 0.0112; 0.0188; 0.0131; 0.0182; 0.0129; 0.0167
2019-10;-0.0172; 0.0124; 0.0171; 0.0316; 0.0315; 0.0167; 0.0031; 0.0117; 0.0061; 0.0277
2019-11; 0.0304;  0.062; 0.0542; 0.0398; 0.0438;  0.043; 0.0431; 0.0526; 0.0396; 0.0378
2019-12; 0.0495; 0.0661; 0.0523;  0.033; 0.0264; 0.0223; 0.0226; 0.0191; 0.0253; 0.0304
2020-01;-0.0306;-0.0555;  -0.06;-0.0403;-0.0335;-0.0283;-0.0175;-0.0044;-0.0061; 0.0068
2020-02;-0.0654;-0.0663;-0.0895;-0.0969;-0.0749;-0.0946;-0.0885;-0.0805;-0.0794;-0.0802
2020-03;-0.2211;-0.2358;-0.2396;-0.2249;-0.2081;-0.2144; -0.216;-0.1806;-0.1653;-0.1072
2020-04; 0.1511; 0.1686; 0.1571; 0.1565; 0.1537; 0.1475; 0.1714;  0.145; 0.1399; 0.1306
2020-05; 0.0785; 0.0687;  0.053; 0.0689; 0.0846; 0.0762; 0.0817; 0.0863; 0.0753; 0.0448
2020-06; 0.0964; 0.0585; 0.0394; 0.0329; 0.0326; 0.0196; 0.0207;  0.013;  0.023; 0.0238
2020-07; 0.0368;  0.009;-0.0025; 0.0359; 0.0273; 0.0304; 0.0441; 0.0656; 0.0642; 0.0608
2020-08; 0.0206; 0.0741; 0.0551; 0.0715; 0.0556; 0.0557; 0.0435; 0.0433; 0.0274; 0.0903
2020-09;-0.0095;-0.0334;-0.0534;-0.0333;-0.0314;-0.0349;-0.0308;-0.0094;-0.0154;-0.0425
2020-10;-0.0217; 0.0147; 0.0348; 0.0205;  0.034; 0.0325;  0.022; 0.0066; 0.0087;-0.0341
2020-11; 0.2329; 0.2177; 0.2108; 0.1848; 0.1981; 0.1693; 0.1529; 0.1423; 0.1321; 0.1116
2020-12; 0.1048; 0.0841; 0.0957; 0.0947; 0.1045; 0.0832; 0.0619; 0.0586; 0.0384; 0.0409
2021-01; 0.1685; 0.1895; 0.0877; 0.0597; 0.0133; 0.0304; 0.0222;-0.0023;-0.0038;-0.0091
2021-02; 0.1151; 0.0395; 0.1005; 0.0729; 0.0893; 0.0603; 0.0705; 0.0647; 0.0479; 0.0159
2021-03; 0.0142; 0.0514; 0.0141; 0.0118; 0.0265; 0.0172; 0.0258; 0.0187; 0.0239; 0.0398
2021-04;-0.0125;-0.0048; 0.0167; 0.0188; 0.0296;  0.037; 0.0417; 0.0477; 0.0564;  0.055
2021-05; 0.0225;   0.05; 0.0116; 0.0108; 0.0132;-0.0093;-0.0059; 0.0094; 0.0069; 0.0023
2021-06; 0.0415; 0.0305; 0.0238; 0.0208;-0.0002;-0.0051; 0.0086; 0.0094; 0.0194; 0.0305
2021-07;-0.0587;-0.0524;-0.0497;-0.0455; -0.025;-0.0229;  -0.02;-0.0056; 0.0072; 0.0245
2021-08; 0.0303; 0.0362; 0.0203;  0.021; 0.0156; 0.0199; 0.0198; 0.0313; 0.0325; 0.0299
2021-09;-0.0277;-0.0272;-0.0261;-0.0335;-0.0344;-0.0264;-0.0286;-0.0398;-0.0396;-0.0475
2021-10; 0.0083; 0.0245; 0.0284; 0.0314; 0.0483; 0.0422;  0.055; 0.0495; 0.0724; 0.0715
2021-11;-0.0549;-0.0471;-0.0634;-0.0206;-0.0417;-0.0474;-0.0617;-0.0313;-0.0229;-0.0066
2021-12;-0.0197; 0.0151;  0.027; 0.0269; 0.0313; 0.0207; 0.0367;  0.035; 0.0394; 0.0345
2022-01;-0.0755;-0.0911;-0.0914;-0.0911;-0.0795;-0.0896;-0.0733;-0.0692;-0.0667;-0.0537
2022-02;-0.0073; 0.0145; 0.0184;  0.015; 0.0052; 0.0074; 0.0196; 0.0017;-0.0055;-0.0333
2022-03; 0.0132; 0.0037; 0.0166;  0.004; 0.0079; 0.0198; 0.0087; 0.0166; 0.0294; 0.0365
2022-04;-0.0861;-0.0863;-0.0925;-0.1101;-0.0873;-0.0789;  -0.08;-0.0788;-0.0761;-0.0976
2022-05;-0.0184; 0.0036; 0.0077; 0.0087;-0.0008;-0.0003; 0.0093;  0.012; 0.0062;-0.0062
2022-06;-0.0618;-0.0724;-0.0704; -0.082;-0.0822;-0.0894;-0.1054;-0.0966;-0.0885;-0.0789
2022-07; 0.0634;  0.095; 0.1103; 0.1154; 0.1116; 0.0957; 0.1091; 0.0974; 0.1033; 0.0939
2022-08; 0.0129; 0.0015;-0.0119;-0.0171;-0.0227;-0.0334;-0.0252;-0.0298; -0.027;-0.0402
2022-09;-0.0949;-0.0918;-0.0962;-0.1017;-0.0967;-0.0946;-0.0881;-0.1025;-0.0834;-0.0909
2022-10; 0.0415; 0.0888; 0.1113; 0.1084; 0.1066; 0.1002; 0.0941;   0.08; 0.0921; 0.0767
2022-11;-0.0063;-0.0222;-0.0005; 0.0111; 0.0454;  0.048; 0.0495; 0.0526; 0.0584; 0.0512
2022-12;-0.0236;-0.0562;-0.0452;-0.0723;-0.0698;-0.0552;-0.0582;-0.0541;-0.0608;-0.0612
2023-01; 0.1143; 0.1031; 0.1148; 0.1177; 0.1063; 0.1004; 0.1058; 0.0871; 0.0777; 0.0607
2023-02;-0.0412; -0.025;-0.0282;-0.0186;-0.0075;-0.0166;-0.0138; -0.037;-0.0204;-0.0221
2023-03;-0.0605;-0.0842;-0.0645;-0.0329;-0.0386;-0.0346;-0.0224; -0.016;-0.0068; 0.0497
2023-04;-0.0132;-0.0265;-0.0158;-0.0327;-0.0151;-0.0164;-0.0078;-0.0191;-0.0045; 0.0187
2023-05;-0.0017; 0.0139; 0.0104;  0.007;-0.0278;-0.0181;-0.0234;-0.0248;-0.0285; 0.0175
2023-06; 0.0435; 0.0641; 0.0745; 0.0821; 0.0862; 0.0844; 0.1002; 0.0812; 0.0815; 0.0635
2023-07; 0.0679; 0.0589;  0.063;  0.069; 0.0759; 0.0458; 0.0529; 0.0443; 0.0346; 0.0332
2023-08;-0.0833;-0.0836;-0.0586;-0.0564;-0.0573;-0.0489;-0.0239;-0.0298;-0.0441;-0.0102
2023-09;-0.0618;-0.0684;-0.0632;-0.0615; -0.064;-0.0552; -0.058;-0.0496;-0.0497; -0.046
2023-10;-0.0769; -0.082;-0.0699;-0.0692;-0.0627;-0.0548;-0.0599;-0.0614;-0.0422;-0.0169
2023-11; 0.0594; 0.0841; 0.0875; 0.0936; 0.1056; 0.0969; 0.0938; 0.0944; 0.0952; 0.0925
2023-12; 0.1349; 0.1581; 0.1318; 0.1325; 0.1298; 0.1145; 0.0876; 0.0894; 0.0638; 0.0403
2024-01;-0.0201; -0.049;-0.0482;-0.0429;-0.0511;-0.0294;-0.0195;-0.0121; -0.014; 0.0242
2024-02; 0.0461; 0.0636; 0.0361; 0.0687; 0.0334; 0.0506; 0.0696; 0.0535; 0.0584; 0.0539
2024-03; 0.0193; 0.0213; 0.0275; 0.0224; 0.0301; 0.0496; 0.0519; 0.0526; 0.0355; 0.0299
2024-04;-0.0794;-0.0769;-0.0666;-0.0672;-0.0695;-0.0658;-0.0621;-0.0608;-0.0502;-0.0359
2024-05; 0.0295; 0.0609; 0.0506; 0.0455;  0.056; 0.0484;  0.042; 0.0259; 0.0171;  0.054
2024-06;-0.0506;-0.0179;-0.0232;-0.0183;-0.0078;-0.0087;-0.0156;-0.0146;-0.0064;  0.046
2024-07; 0.1014;   0.14; 0.1118; 0.1043; 0.0786; 0.0791; 0.0602; 0.0534; 0.0344; 0.0042
2024-08;-0.0291;-0.0251;-0.0363;-0.0033; -0.009;-0.0122; 0.0058; 0.0197; 0.0183;  0.025
2024-09; 0.0031;-0.0093; 0.0042; 0.0037;  0.024; 0.0161; 0.0248; 0.0218; 0.0241; 0.0215
2024-10;  0.002; 0.0031; 0.0003;-0.0191;-0.0064;-0.0183; 0.0022;-0.0114;-0.0009;-0.0065
2024-11; 0.1095; 0.0906; 0.1183; 0.1222; 0.1223; 0.0982; 0.0902; 0.0863; 0.0929; 0.0599
2024-12;-0.0304;-0.0714;-0.0783;-0.0784;-0.0813;-0.0811;-0.0656;-0.0696; -0.073; -0.013
2025-01;-0.0047; 0.0125; 0.0059; 0.0353; 0.0346; 0.0478; 0.0562; 0.0444; 0.0463; 0.0279
2025-02; -0.067; -0.045;-0.0581;-0.0755; -0.056;-0.0406;-0.0551;-0.0331;-0.0307;-0.0147
2025-03;-0.0997; -0.093;-0.0842;-0.0727;-0.0593;-0.0692;-0.0629;-0.0484;-0.0449;-0.0623
2025-04; 0.0006;-0.0141;-0.0259;-0.0211;-0.0379;-0.0193;-0.0051;-0.0295;-0.0037;-0.0026
2025-05; 0.0872; 0.0454; 0.0765; 0.0472; 0.0464; 0.0492; 0.0631; 0.0559; 0.0617; 0.0656
2025-06; 0.0611; 0.0724; 0.0527; 0.0646; 0.0449; 0.0414; 0.0326; 0.0415; 0.0388; 0.0551
2025-07; 0.0234; 0.0147; 0.0232; 0.0102; 0.0166; 0.0175; 0.0203; 0.0168;  0.019; 0.0247
2025-08; 0.0828; 0.1003; 0.0904; 0.0834; 0.0567; 0.0618; 0.0323; 0.0341; 0.0152; 0.0187
2025-09; 0.0518; 0.0223; 0.0087; 0.0097; 0.0128; 0.0069; 0.0007; 0.0025; 0.0103; 0.0458